date,nav,shares,flow
2018-06-19,49.956098,500000.0,
2018-06-20,50.57087,500000.0,0.0
2018-06-21,50.235736,500000.0,0.0
2018-06-22,50.455538,500000.0,0.0
2018-06-25,49.41754,500000.0,0.0
2018-06-26,49.558872,3000000.0,123897180.0
2018-06-27,49.034277,3000000.0,0.0
2018-06-28,49.595548,3250000.0,12398887.0
2018-06-29,49.401556,3250000.0,0.0
2018-07-02,49.834289,3500000.0,12458572.25
2018-07-03,49.19209,3700000.0,9838418.0
2018-07-05,49.968586,3750000.0,2498429.3000000003
2018-07-06,50.786159,3900000.0,7617923.85
2018-07-09,51.084043,4050000.0,7662606.45
2018-07-10,50.988633,4150000.0,5098863.3
2018-07-11,50.932185,4950000.0,40745748.0
2018-07-12,51.739065,5150000.0,10347813.0
2018-07-13,51.690153,5250000.0,5169015.3
2018-07-16,51.545248,5350000.0,5154524.8
2018-07-17,51.536145,5400000.0,2576807.25
2018-07-18,51.403181,5400000.0,0.0
2018-07-19,51.041297,5500000.0,5104129.7
2018-07-20,50.865159,5600000.0,5086515.899999999
2018-07-23,51.06031,5600000.0,0.0
2018-07-24,51.452212,5650000.0,2572610.6
2018-07-25,51.790548,5750000.0,5179054.8
2018-07-26,49.844658,5900000.0,7476698.7
2018-07-27,48.90932,6450000.0,26900126.0
2018-07-30,48.158155,7400000.0,45750247.25
2018-07-31,48.443907,7450000.0,2422195.35
2018-08-01,48.278994,7450000.0,0.0
2018-08-02,48.586442,7450000.0,0.0
2018-08-03,48.916944,7450000.0,0.0
2018-08-06,49.382096,7450000.0,0.0
2018-08-07,49.437937,7450000.0,0.0
2018-08-08,49.422571,7650000.0,9884514.2
2018-08-09,49.673758,7650000.0,0.0
2018-08-10,49.264654,7800000.0,7389698.1
2018-08-13,49.187652,7800000.0,0.0
2018-08-14,49.557986,8250000.0,22301093.7
2018-08-15,48.871388,8400000.0,7330708.2
2018-08-16,48.833778,8650000.0,12208444.5
2018-08-17,48.63413,8650000.0,0.0
2018-08-20,48.676573,8800000.0,7301485.949999999
2018-08-21,48.965646,8900000.0,4896564.6
2018-08-22,48.931725,9050000.0,7339758.75
2018-08-23,48.725078,9350000.0,14617523.4
2018-08-24,49.420882,9350000.0,0.0
2018-08-27,49.927779,9600000.0,12481944.75
2018-08-28,49.703703,9750000.0,7455555.449999999
2018-08-29,49.969177,9850000.0,4996917.7
2018-08-30,49.655223,10050000.0,9931044.6
2018-08-31,49.181982,10150000.0,4918198.2
2018-09-04,48.577775,10150000.0,0.0
2018-09-05,47.917453,10150000.0,0.0
2018-09-06,47.584119,10600000.0,21412853.55
2018-09-07,47.6788,10600000.0,0.0
2018-09-10,47.748452,10750000.0,7162267.8
2018-09-11,48.272775,10850000.0,4827277.5
2018-09-12,48.112776,11400000.0,26462026.799999997
2018-09-13,48.449766,11850000.0,21802394.7
2018-09-14,48.388887,11850000.0,0.0
2018-09-17,47.908757,13550000.0,81444886.9
2018-09-18,48.21847,13950000.0,19287388.0
2018-09-19,48.367769,14300000.0,16928719.150000002
2018-09-20,48.876781,16200000.0,92865883.9
2018-09-21,48.410318,20000000.0,183959208.39999998
2018-09-24,48.556597,24150000.0,201509877.54999998
2018-09-25,48.549441,31050000.0,334991142.90000004
2018-09-26,48.767818,33650000.0,126796326.8
2018-09-27,49.153762,38200000.0,223649617.1
2018-09-28,48.977403,40550000.0,115096897.05000001
2018-10-01,48.794116,41550000.0,48794116.0
2018-10-02,48.828013,45300000.0,183105048.75
2018-10-03,49.05345,48000000.0,132444315.0
2018-10-04,48.275933,50200000.0,106207052.60000001
2018-10-05,47.780233,52450000.0,107505524.25
2018-10-08,47.647927,54350000.0,90531061.30000001
2018-10-09,47.648826,58150000.0,181065538.8
2018-10-10,45.727512,59950000.0,82309521.6
2018-10-11,45.384276,60500000.0,24961351.8
2018-10-12,46.332069,60700000.0,9266413.799999999
2018-10-15,46.213362,61600000.0,41592025.8
2018-10-16,47.410885,62350000.0,35558163.75
2018-10-17,47.615871,62200000.0,-7142380.649999999
2018-10-18,46.701895,61500000.0,-32691326.5
2018-10-19,46.729592,63200000.0,79440306.39999999
2018-10-22,46.682519,80500000.0,807607578.6999999
2018-10-23,46.608985,81350000.0,39617637.25
2018-10-24,44.408877,82050000.0,31086213.9
2018-10-25,45.784854,82050000.0,0.0
2018-10-26,44.653655,84050000.0,89307310.0
2018-10-29,43.90701,83500000.0,-24148855.5
2018-10-30,45.150971,83500000.0,0.0
2018-10-31,46.082927,80950000.0,-117511463.85
2018-11-01,46.301427,80450000.0,-23150713.5
2018-11-02,45.846243,79350000.0,-50430867.300000004
2018-11-05,45.690198,79850000.0,22845099.0
2018-11-06,45.949222,79000000.0,-39056838.699999996
2018-11-07,46.762025,78850000.0,-7014303.75
2018-11-08,46.320707,71200000.0,-354353408.55
2018-11-09,45.39767,71350000.0,6809650.5
2018-11-12,44.69619,71500000.0,6704428.5
2018-11-13,44.585332,71400000.0,-4458533.2
2018-11-14,44.734508,71500000.0,4473450.8
2018-11-15,45.072559,71300000.0,-9014511.799999999
2018-11-16,44.862519,72350000.0,47105644.949999996
2018-11-19,43.530691,73050000.0,30471483.7
2018-11-20,42.944796,73250000.0,8588959.2
2018-11-21,43.443999,70400000.0,-123815397.14999999
2018-11-23,42.958887,70550000.0,6443833.05
2018-11-26,43.850483,70400000.0,-6577572.449999999
2018-11-27,43.998427,70000000.0,-17599370.8
2018-11-28,44.911728,69450000.0,-24701450.4
2018-11-29,45.077019,69000000.0,-20284658.55
2018-11-30,45.064074,69000000.0,0.0
2018-12-03,45.073681,70350000.0,60849469.35
2018-12-04,43.728859,70650000.0,13118657.7
2018-12-06,44.224042,70750000.0,4422404.199999999
2018-12-07,43.398196,74100000.0,145383956.6
2018-12-10,43.727703,70600000.0,-153046960.5
2018-12-11,43.782288,70350000.0,-10945572.0
2018-12-12,44.242481,71350000.0,44242481.0
2018-12-13,44.06301,72800000.0,63891364.5
2018-12-14,43.607539,72850000.0,2180376.95
2018-12-17,42.726398,71850000.0,-42726398.0
2018-12-18,42.964312,71700000.0,-6444646.8
2018-12-19,42.054951,70800000.0,-37849455.900000006
2018-12-20,41.305548,72650000.0,76415263.8
2018-12-21,39.798901,68950000.0,-147255933.7
2018-12-24,38.991329,67700000.0,-48739161.25
2018-12-26,41.162248,66950000.0,-30871686.0
2018-12-27,41.332456,67550000.0,24799473.6
2018-12-28,41.210212,67500000.0,-2060510.5999999999
2018-12-31,41.261938,67300000.0,-8252387.600000001
2019-01-02,41.82905,66500000.0,-33463240.0
2019-01-03,41.138544,67950000.0,59650888.800000004
2019-01-04,42.918964,67200000.0,-32189223.000000004
2019-01-07,43.38641,66750000.0,-19523884.5
2019-01-08,44.117411,68050000.0,57352634.3
2019-01-09,44.164029,70550000.0,110410072.5
2019-01-10,44.275354,69250000.0,-57557960.2
2019-01-11,44.062212,69250000.0,0.0
2019-01-14,43.874581,69150000.0,-4387458.1
2019-01-15,44.604776,69700000.0,24532626.8
2019-01-16,44.436201,70100000.0,17774480.4
2019-01-17,44.608466,85000000.0,664666143.4
2019-01-18,44.963254,84950000.0,-2248162.7
2019-01-22,44.006923,86250000.0,57208999.9
2019-01-23,43.820735,86600000.0,15337257.25
2019-01-24,44.065854,87550000.0,41862561.300000004
2019-01-25,44.62103,87750000.0,8924206.0
2019-01-28,44.211282,88000000.0,11052820.5
2019-01-29,43.685113,88500000.0,21842556.5
2019-01-30,44.309617,88100000.0,-17723846.8
2019-01-31,46.12477,88250000.0,6918715.5
2019-02-01,45.967741,88650000.0,18387096.4
2019-02-04,46.387502,88950000.0,13916250.6
2019-02-05,46.909917,89950000.0,46909917.0
2019-02-06,45.876023,90000000.0,2293801.1500000004
2019-02-07,45.397029,89300000.0,-31777920.3
2019-02-08,45.707865,89700000.0,18283146.0
2019-02-11,45.255488,89550000.0,-6788323.2
2019-02-12,45.781389,89550000.0,0.0
2019-02-13,45.825558,89900000.0,16038945.3
2019-02-14,45.964781,88900000.0,-45964781.0
2019-02-15,46.166894,88900000.0,0.0
2019-02-19,46.218622,89050000.0,6932793.300000001
2019-02-20,46.046878,87600000.0,-66767973.1
2019-02-21,45.62487,89650000.0,93530983.5
2019-02-22,46.06427,90150000.0,23032135.0
2019-02-25,46.103663,92150000.0,92207326.0
2019-02-26,46.118418,92200000.0,2305920.9
2019-02-27,45.891461,94300000.0,96372068.1
2019-02-28,45.896926,95000000.0,32127848.2
2019-03-01,46.270383,95450000.0,20821672.35
2019-03-04,46.319982,97750000.0,106535958.60000001
2019-03-05,46.617509,95200000.0,-118874647.95
2019-03-06,46.589683,94550000.0,-30283293.95
2019-03-07,46.209627,97100000.0,117834548.85
2019-03-08,46.181277,100150000.0,140852894.85
2019-03-11,46.990311,100400000.0,11747577.75
2019-03-12,47.183294,99150000.0,-58979117.49999999
2019-03-13,47.360085,103250000.0,194176348.5
2019-03-14,47.122605,105300000.0,96601340.25
2019-03-15,46.992852,105550000.0,11748213.0
2019-03-18,46.627143,108100000.0,118899214.64999999
2019-03-19,46.695636,108550000.0,21013036.2
2019-03-20,47.122463,108400000.0,-7068369.45
2019-03-21,47.717827,113200000.0,229045569.6
2019-03-22,46.966956,113200000.0,0.0
2019-03-25,46.893275,114000000.0,37514620.0
2019-03-26,47.134016,113000000.0,-47134016.0
2019-03-27,46.791841,116050000.0,142715115.04999998
2019-03-28,46.679282,113450000.0,-121366133.2
2019-03-29,46.76693,113450000.0,0.0
2019-04-01,47.499633,113050000.0,-18999853.200000003
2019-04-02,47.750038,113000000.0,-2387501.9000000004
2019-04-03,47.920334,112550000.0,-21564150.299999997
2019-04-04,48.170248,111550000.0,-48170248.0
2019-04-05,48.308436,111550000.0,0.0
2019-04-08,48.226579,111600000.0,2411328.95
2019-04-09,48.332096,114000000.0,115997030.4
2019-04-10,48.568743,113350000.0,-31569682.95
2019-04-11,48.589608,113900000.0,26724284.4
2019-04-12,49.016445,113400000.0,-24508222.5
2019-04-15,48.968448,115900000.0,122421120.0
2019-04-16,49.013861,115950000.0,2450693.05
2019-04-17,49.114595,117100000.0,56481784.25
2019-04-18,49.146529,117000000.0,-4914652.9
2019-04-22,49.347374,117000000.0,0.0
2019-04-23,50.043418,117000000.0,0.0
2019-04-24,49.790832,116450000.0,-27384957.6
2019-04-25,50.352761,115800000.0,-32729294.650000002
2019-04-26,50.779982,115800000.0,0.0
2019-04-29,51.232817,115800000.0,0.0
2019-04-30,50.095148,115800000.0,0.0
2019-05-01,49.829089,115750000.0,-2491454.45
2019-05-02,49.626532,117050000.0,64514491.599999994
2019-05-03,50.090675,117100000.0,2504533.75
2019-05-06,50.029886,117100000.0,0.0
2019-05-07,49.229569,117100000.0,0.0
2019-05-08,49.116504,116600000.0,-24558252.0
2019-05-09,48.993438,115800000.0,-39194750.4
2019-05-10,49.077083,116200000.0,19630833.2
2019-05-13,47.603794,116050000.0,-7140569.1
2019-05-14,47.870623,112500000.0,-169940711.65
2019-05-15,48.911866,110150000.0,-114942885.10000001
2019-05-16,49.345977,108400000.0,-86355459.75
2019-05-17,49.024652,108900000.0,24512326.0
2019-05-20,48.204161,108350000.0,-26512288.55
2019-05-21,48.718377,109350000.0,48718377.0
2019-05-22,48.690481,109350000.0,0.0
2019-05-23,47.993146,109350000.0,0.0
2019-05-24,47.994428,108350000.0,-47994428.0
2019-05-28,48.226555,109500000.0,55460538.25
2019-05-29,47.741036,108700000.0,-38192828.800000004
2019-05-30,47.823242,108300000.0,-19129296.8
2019-05-31,47.102832,111000000.0,127177646.39999999
2019-06-03,45.631285,108400000.0,-118641341.0
2019-06-04,46.563189,106450000.0,-90798218.55
2019-06-05,46.611403,104100000.0,-109536797.05000001
2019-06-06,46.781218,104750000.0,30407791.700000003
2019-06-07,47.558041,105550000.0,38046432.800000004
2019-06-10,47.548973,105250000.0,-14264691.899999999
2019-06-11,47.713074,103850000.0,-66798303.6
2019-06-12,47.484926,104600000.0,35613694.5
2019-06-13,48.016793,105250000.0,31210915.45
2019-06-14,48.105915,108050000.0,134696562.0
2019-06-17,48.682785,109050000.0,48682785.0
2019-06-18,48.918402,109050000.0,0.0
2019-06-19,49.00685,108100000.0,-46556507.5
2019-06-20,49.301888,109000000.0,44371699.199999996
2019-06-21,49.387925,108500000.0,-24693962.5
2019-06-24,49.522643,114550000.0,299611990.15000004
2019-06-25,48.603909,115750000.0,58324690.800000004
2019-06-26,48.42756,116600000.0,41163426.0
2019-06-27,48.736372,115200000.0,-68230920.8
2019-06-28,49.21286,114400000.0,-39370288.0
2019-07-01,49.599968,116850000.0,121519921.6
2019-07-02,50.094511,116250000.0,-30056706.599999998
2019-07-03,50.379806,116950000.0,35265864.2
2019-07-05,50.408777,120450000.0,176430719.5
2019-07-08,49.970607,117250000.0,-159905942.4
2019-07-09,50.28656,123650000.0,321833984.0
2019-07-10,50.856284,116800000.0,-348365545.40000004
2019-07-11,50.85218,115750000.0,-53394789.0
2019-07-12,51.213082,116900000.0,58895044.3
2019-07-15,51.262667,118800000.0,97399067.3
2019-07-16,51.157247,118900000.0,5115724.7
2019-07-17,50.655758,119550000.0,32926242.7
2019-07-18,50.223903,119450000.0,-5022390.3
2019-07-19,49.575771,118000000.0,-71884867.95
2019-07-22,49.765666,116900000.0,-54742232.6
2019-07-23,49.943512,117900000.0,49943512.0
2019-07-24,50.412036,118650000.0,37809027.0
2019-07-25,50.235073,117250000.0,-70329102.2
2019-07-26,51.741674,117400000.0,7761251.100000001
2019-07-29,51.451442,118150000.0,38588581.5
2019-07-30,51.172862,118150000.0,0.0
2019-07-31,50.770356,118150000.0,0.0
2019-08-01,50.544967,119600000.0,73290202.15
2019-08-02,50.064638,118150000.0,-72593725.10000001
2019-08-05,48.456778,118450000.0,14537033.4
2019-08-06,49.148714,116400000.0,-100754863.7
2019-08-07,49.17252,113500000.0,-142600308.0
2019-08-08,50.163255,112250000.0,-62704068.75
2019-08-09,49.620845,112250000.0,0.0
2019-08-12,49.083647,115100000.0,139888393.95
2019-08-13,49.819416,115100000.0,0.0
2019-08-14,48.059323,114150000.0,-45656356.85
2019-08-15,48.135013,113800000.0,-16847254.55
2019-08-16,48.733333,112750000.0,-51169999.65
2019-08-19,49.511394,112950000.0,9902278.8
2019-08-20,49.175781,112900000.0,-2458789.05
2019-08-21,49.383687,112750000.0,-7407553.050000001
2019-08-22,49.226804,112400000.0,-17229381.400000002
2019-08-23,47.872262,112200000.0,-9574452.4
2019-08-26,48.620609,111350000.0,-41327517.65
2019-08-27,48.706051,111150000.0,-9741210.200000001
2019-08-28,48.852316,111600000.0,21983542.2
2019-08-29,49.578688,112700000.0,54536556.8
2019-08-30,49.558173,112700000.0,0.0
2019-09-03,49.063309,112850000.0,7359496.35
2019-09-04,49.999088,112600000.0,-12499772.0
2019-09-05,50.873786,112900000.0,15262135.8
2019-09-06,50.75461,112450000.0,-22839574.5
2019-09-09,50.896451,113400000.0,48351628.449999996
2019-09-10,50.967008,113250000.0,-7645051.2
2019-09-11,51.256797,114350000.0,56382476.699999996
2019-09-12,51.367712,117000000.0,136124436.79999998
2019-09-13,51.317338,116800000.0,-10263467.6
2019-09-16,51.082372,117350000.0,28095304.6
2019-09-17,51.144293,118350000.0,51144293.0
2019-09-18,51.102382,118500000.0,7665357.3
2019-09-19,51.125843,122950000.0,227510001.35000002
2019-09-20,50.690273,123000000.0,2534513.65
2019-09-23,50.479626,119850000.0,-159010821.9
2019-09-24,49.714883,120300000.0,22371697.35
2019-09-25,50.303703,119600000.0,-35212592.1
2019-09-26,49.814153,118950000.0,-32379199.45
2019-09-27,49.276244,119050000.0,4927624.399999999
2019-09-30,49.503302,118750000.0,-14850990.6
2019-10-01,49.004472,122000000.0,159264534.0
2019-10-02,48.258441,118700000.0,-159252855.29999998
2019-10-03,48.744407,119000000.0,14623322.100000001
2019-10-04,49.417277,119450000.0,22237774.65
2019-10-07,49.40009,119350000.0,-4940009.0
2019-10-08,48.624347,119350000.0,0.0
2019-10-09,48.899702,125700000.0,310513107.7
2019-10-10,49.153119,120750000.0,-243307939.04999998
2019-10-11,49.784179,121250000.0,24892089.5
2019-10-14,49.662245,121950000.0,34763571.5
2019-10-15,50.488753,121300000.0,-32817689.450000003
2019-10-16,50.583468,122000000.0,35408427.6
2019-10-17,50.860859,123000000.0,50860859.0
2019-10-18,50.29634,123000000.0,0.0
2019-10-21,50.627525,122000000.0,-50627525.0
2019-10-22,50.112499,122150000.0,7516874.85
2019-10-23,50.500427,122150000.0,0.0
2019-10-24,49.926651,122050000.0,-4992665.1
2019-10-25,50.320313,122050000.0,0.0
2019-10-28,50.77125,121950000.0,-5077125.0
2019-10-29,50.305622,121300000.0,-32698654.3
2019-10-30,50.459367,120050000.0,-63074208.75
2019-10-31,50.583494,120850000.0,40466795.2
2019-11-01,50.927941,122300000.0,73845514.45
2019-11-04,51.223163,122450000.0,7683474.45
2019-11-05,51.22561,124000000.0,79399695.5
2019-11-06,51.044775,125350000.0,68910446.25
2019-11-07,51.372464,125150000.0,-10274492.8
2019-11-08,51.516218,125150000.0,0.0
2019-11-11,51.300507,125350000.0,10260101.4
2019-11-12,51.337431,124300000.0,-53904302.550000004
2019-11-13,51.352391,121150000.0,-161760031.65
2019-11-14,51.555578,121000000.0,-7733336.699999999
2019-11-15,51.988402,121200000.0,10397680.4
2019-11-18,52.16059,122200000.0,52160590.0
2019-11-19,52.184982,122100000.0,-5218498.2
2019-11-20,51.89195,122250000.0,7783792.5
2019-11-21,51.997097,122700000.0,23398693.65
2019-11-22,52.030166,122800000.0,5203016.600000001
2019-11-25,52.197781,122800000.0,0.0
2019-11-26,52.347384,122500000.0,-15704215.2
2019-11-27,52.699345,121400000.0,-57969279.5
2019-11-29,52.528999,126200000.0,252139195.2
2019-12-02,52.056159,124550000.0,-85892662.35000001
2019-12-03,51.973256,125300000.0,38979942.0
2019-12-04,52.213597,125400000.0,5221359.7
2019-12-05,52.447266,125050000.0,-18356543.1
2019-12-06,52.749796,118250000.0,-358698612.8
2019-12-09,52.549301,120600000.0,123490857.35
2019-12-10,52.388975,120750000.0,7858346.25
2019-12-11,52.61461,125000000.0,223612092.5
2019-12-12,52.682635,125800000.0,42146108.0
2019-12-13,52.551176,125800000.0,0.0
2019-12-16,53.058149,126400000.0,31834889.4
2019-12-17,53.05884,125650000.0,-39794130.0
2019-12-18,53.377716,127500000.0,98748774.6
2019-12-19,53.865604,130300000.0,150823691.2
2019-12-20,53.929614,130250000.0,-2696480.7
2019-12-23,53.802852,127050000.0,-172169126.4
2019-12-24,53.75419,126700000.0,-18813966.5
2019-12-26,54.17803,126700000.0,0.0
2019-12-27,54.091184,126800000.0,5409118.399999999
2019-12-30,53.535184,127000000.0,10707036.8
2019-12-31,53.677351,126900000.0,-5367735.100000001
2020-01-02,54.245133,126450000.0,-24410309.85
2020-01-03,53.943252,130250000.0,204984357.6
2020-01-06,54.648119,131050000.0,43718495.2
2020-01-07,54.711906,130550000.0,-27355953.0
2020-01-08,55.101822,130500000.0,-2755091.1
2020-01-09,55.361606,136950000.0,357082358.7
2020-01-10,55.175316,129850000.0,-391744743.6
2020-01-13,55.698065,131050000.0,66837678.0
2020-01-14,55.553644,130650000.0,-22221457.599999998
2020-01-15,55.777384,130950000.0,16733215.2
2020-01-16,56.223138,131000000.0,2811156.9
2020-01-17,56.683669,131250000.0,14170917.25
2020-01-21,56.622231,128900000.0,-133062242.85
2020-01-22,56.586034,130150000.0,70732542.5
2020-01-23,56.354482,133950000.0,214147031.6
2020-01-24,55.697769,134050000.0,5569776.9
2020-01-27,54.829544,134050000.0,0.0
2020-01-28,55.456652,132100000.0,-108140471.39999999
2020-01-29,55.345897,129500000.0,-143899332.2
2020-01-30,54.804371,132250000.0,150712020.25
2020-01-31,53.944795,131750000.0,-26972397.5
2020-02-03,54.563958,131400000.0,-19097385.3
2020-02-04,55.097453,130700000.0,-38568217.1
2020-02-05,55.177444,132350000.0,91042782.60000001
2020-02-06,55.905222,132400000.0,2795261.1
2020-02-07,55.869658,132650000.0,13967414.5
2020-02-10,56.193289,132950000.0,16857986.7
2020-02-11,56.135821,132950000.0,0.0
2020-02-12,56.837847,132950000.0,0.0
2020-02-13,56.843169,132950000.0,0.0
2020-02-14,56.9523,132950000.0,0.0
2020-02-18,57.321479,133450000.0,28660739.5
2020-02-19,57.561897,133600000.0,8634284.55
2020-02-20,57.012115,134750000.0,65563932.25
2020-02-21,56.143223,135500000.0,42107417.25
2020-02-24,54.228416,135600000.0,5422841.600000001
2020-02-25,52.837646,134750000.0,-44911999.1
2020-02-26,52.712299,133550000.0,-63254758.800000004
2020-02-27,50.651446,132100000.0,-73444596.7
2020-02-28,50.809089,136300000.0,213398173.8
2020-03-02,52.493808,138000000.0,89239473.60000001
2020-03-03,50.812173,137950000.0,-2540608.65
2020-03-04,52.619979,139250000.0,68405972.7
2020-03-05,50.686508,138500000.0,-38014881.0
2020-03-06,49.837537,138250000.0,-12459384.25
2020-03-09,46.633532,138400000.0,6995029.800000001
2020-03-10,48.891143,137250000.0,-56224814.45
2020-03-11,46.791928,139500000.0,105281838.0
2020-03-12,42.514354,140900000.0,59520095.599999994
2020-03-13,46.234979,140200000.0,-32364485.3
2020-03-16,41.102955,141200000.0,41102955.0
2020-03-17,42.726084,140600000.0,-25635650.4
2020-03-18,41.218934,141050000.0,18548520.299999997
2020-03-19,42.135219,149000000.0,334974991.05
2020-03-20,40.268779,147300000.0,-68456924.3
2020-03-23,40.445543,148550000.0,50556928.75
2020-03-24,42.806434,148250000.0,-12841930.200000001
2020-03-25,42.105782,148800000.0,23158180.099999998
2020-03-26,44.574293,148850000.0,2228714.65
2020-03-27,42.742619,148400000.0,-19234178.55
2020-03-30,44.340468,147700000.0,-31038327.6
2020-03-31,44.223519,148400000.0,30956463.3
2020-04-01,42.445987,147750000.0,-27589891.55
2020-04-02,42.997095,150650000.0,124691575.5
2020-04-03,42.180217,150000000.0,-27417141.05
2020-04-06,44.978436,149700000.0,-13493530.8
2020-04-07,45.289959,149550000.0,-6793493.850000001
2020-04-08,46.263531,150150000.0,27758118.6
2020-04-09,46.602132,149900000.0,-11650533.0
2020-04-13,46.667059,149050000.0,-39667000.15
2020-04-14,48.050091,149100000.0,2402504.5500000003
2020-04-15,47.555091,152150000.0,145043027.54999998
2020-04-16,47.749865,152450000.0,14324959.5
2020-04-17,48.378011,152300000.0,-7256701.65
2020-04-20,47.96412,152400000.0,4796412.0
2020-04-21,46.467359,152500000.0,4646735.9
2020-04-22,47.706159,152750000.0,11926539.75
2020-04-23,48.044304,153200000.0,21619936.799999997
2020-04-24,48.660947,152800000.0,-19464378.8
2020-04-27,49.072353,153250000.0,22082558.85
2020-04-28,48.13578,153650000.0,19254312.0
2020-04-29,50.531801,153650000.0,0.0
2020-04-30,50.299602,153950000.0,15089880.6
2020-05-01,49.525861,153500000.0,-22286637.45
2020-05-04,49.885469,153500000.0,0.0
2020-05-05,50.148084,154500000.0,50148084.0
2020-05-06,50.004718,154750000.0,12501179.5
2020-05-07,50.944307,154650000.0,-5094430.7
2020-05-08,51.851026,155150000.0,25925513.0
2020-05-11,51.877791,155700000.0,28532785.05
2020-05-12,50.881027,156500000.0,40704821.6
2020-05-13,49.977157,166050000.0,477281849.34999996
2020-05-14,50.518144,167400000.0,68199494.4
2020-05-15,51.213937,167800000.0,20485574.8
2020-05-18,52.368697,167900000.0,5236869.7
2020-05-19,52.318589,168600000.0,36623012.300000004
2020-05-20,53.755615,169000000.0,21502246.0
2020-05-21,53.371956,171050000.0,109412509.8
2020-05-22,53.733856,170900000.0,-8060078.4
2020-05-26,53.844493,171300000.0,21537797.2
2020-05-27,54.215762,172250000.0,51504973.9
2020-05-28,53.739654,173250000.0,53739654.0
2020-05-29,54.057184,173100000.0,-8108577.6
2020-06-01,54.654887,174350000.0,68318608.75
2020-06-02,54.862182,173300000.0,-57605291.099999994
2020-06-03,55.048801,172550000.0,-41286600.75
2020-06-04,54.597626,172900000.0,19109169.099999998
2020-06-05,55.544133,173000000.0,5554413.3
2020-06-08,56.562699,173000000.0,0.0
2020-06-09,56.407623,173800000.0,45126098.4
2020-06-10,56.236091,173800000.0,0.0
2020-06-11,53.634308,173550000.0,-13408577.0
2020-06-12,54.135866,173550000.0,0.0
2020-06-15,54.972052,173600000.0,2748602.6
2020-06-16,55.420525,173200000.0,-22168210.0
2020-06-17,55.506181,173200000.0,0.0
2020-06-18,55.69773,180400000.0,401023656.0
2020-06-19,55.538461,179000000.0,-77753845.39999999
2020-06-22,55.566753,170450000.0,-475095738.15
2020-06-23,55.923266,170600000.0,8388489.899999999
2020-06-24,54.636791,170250000.0,-19122876.85
2020-06-25,54.902797,169000000.0,-68628496.25
2020-06-26,52.475542,168900000.0,-5247554.2
2020-06-29,53.414828,169750000.0,45402603.8
2020-06-30,54.082719,169900000.0,8112407.85
2020-07-01,55.372807,170400000.0,27686403.5
2020-07-02,55.192373,170200000.0,-11038474.600000001
2020-07-06,56.329592,171300000.0,61962551.199999996
2020-07-07,56.1412,171300000.0,0.0
2020-07-08,56.634161,171300000.0,0.0
2020-07-09,56.713444,173100000.0,102084199.2
2020-07-10,57.697924,170800000.0,-132705225.2
2020-07-13,56.502996,171450000.0,36726947.4
2020-07-14,57.093427,171900000.0,25692042.15
2020-07-15,57.425435,172500000.0,34455261.0
2020-07-16,57.556829,172950000.0,25900573.05
2020-07-17,57.39928,172850000.0,-5739928.0
2020-07-20,58.091365,173500000.0,37759387.25
2020-07-21,57.837121,173350000.0,-8675568.15
2020-07-22,57.855212,173850000.0,28927606.0
2020-07-23,56.900061,174650000.0,45520048.8
2020-07-24,56.838836,174400000.0,-14209709.0
2020-07-27,57.216027,174900000.0,28608013.5
2020-07-28,56.638632,175500000.0,33983179.2
2020-07-29,57.1567,175500000.0,0.0
2020-07-30,57.327083,175350000.0,-8599062.450000001
2020-07-31,58.095675,175050000.0,-17428702.5
2020-08-03,58.195048,175050000.0,0.0
2020-08-04,58.521165,175050000.0,0.0
2020-08-05,58.458344,174600000.0,-26306254.799999997
2020-08-06,59.977512,174800000.0,11995502.4
2020-08-07,59.918471,175200000.0,23967388.4
2020-08-10,59.717671,175600000.0,23887068.400000002
2020-08-11,58.846161,175500000.0,-5884616.100000001
2020-08-12,59.551613,175700000.0,11910322.600000001
2020-08-13,59.859555,172650000.0,-182571642.75
2020-08-14,59.837332,172350000.0,-17951199.6
2020-08-17,59.900297,172350000.0,0.0
2020-08-18,60.452836,172350000.0,0.0
2020-08-19,60.272315,172350000.0,0.0
2020-08-20,61.009504,172750000.0,24403801.6
2020-08-21,60.729546,170700000.0,-124495569.3
2020-08-24,61.478253,172200000.0,92217379.5
2020-08-25,62.067895,173000000.0,49654316.0
2020-08-26,64.188609,174950000.0,125167787.55
2020-08-27,63.399493,175500000.0,34869721.15
2020-08-28,63.580242,174900000.0,-38148145.199999996
2020-08-31,63.304254,175100000.0,12660850.8
2020-09-01,63.774563,175250000.0,9566184.45
2020-09-02,65.151722,175250000.0,0.0
2020-09-03,62.942494,175500000.0,15735623.5
2020-09-04,61.77815,175200000.0,-18533445.0
2020-09-08,60.143643,174650000.0,-33079003.65
2020-09-09,60.910349,171950000.0,-164457942.29999998
2020-09-10,59.984011,172300000.0,20994403.85
2020-09-11,59.779399,171850000.0,-26900729.55
2020-09-14,60.012971,171350000.0,-30006485.5
2020-09-15,61.080442,171350000.0,0.0
2020-09-16,60.386185,171350000.0,0.0
2020-09-17,59.288453,174400000.0,180829781.64999998
2020-09-18,58.764165,173300000.0,-64640581.5
2020-09-21,57.910662,169850000.0,-199791783.9
2020-09-22,59.069161,169200000.0,-38394954.65
2020-09-23,57.615336,171300000.0,120992205.6
2020-09-24,57.746553,170800000.0,-28873276.5
2020-09-25,58.535562,170550000.0,-14633890.5
2020-09-28,59.27385,169750000.0,-47419080.0
2020-09-29,59.35342,169900000.0,8903013.0
2020-09-30,59.395066,169650000.0,-14848766.5
2020-10-01,60.252625,170150000.0,30126312.5
2020-10-02,59.050672,171450000.0,76765873.6
2020-10-05,60.040044,172700000.0,75050055.0
2020-10-06,58.792488,172550000.0,-8818873.2
2020-10-07,59.247071,172400000.0,-8887060.65
2020-10-08,59.96317,176100000.0,221863729.0
2020-10-09,60.335445,172900000.0,-193073424.0
2020-10-12,61.911929,172850000.0,-3095596.45
2020-10-13,61.977139,173450000.0,37186283.4
2020-10-14,61.235336,173300000.0,-9185300.4
2020-10-15,60.773837,173300000.0,0.0
2020-10-16,60.783139,173300000.0,0.0
2020-10-19,59.652183,172750000.0,-32808700.650000002
2020-10-20,60.118812,172500000.0,-15029703.0
2020-10-21,61.150437,172150000.0,-21402652.95
2020-10-22,61.494853,171800000.0,-21523198.55
2020-10-23,62.116297,171900000.0,6211629.7
2020-10-26,60.759208,172100000.0,12151841.6
2020-10-27,61.162701,172050000.0,-3058135.05
2020-10-28,58.725789,172050000.0,0.0
2020-10-29,60.274198,171450000.0,-36164518.8
2020-10-30,59.155384,171150000.0,-17746615.2
2020-11-02,59.198209,171050000.0,-5919820.899999999
2020-11-03,60.067363,171300000.0,15016840.75
2020-11-04,62.647619,171450000.0,9397142.85
2020-11-05,63.87339,172400000.0,60679720.5
2020-11-06,63.673337,172400000.0,0.0
2020-11-09,63.159516,175100000.0,170530693.20000002
2020-11-10,62.968472,176550000.0,91304284.39999999
2020-11-11,63.54631,178500000.0,123915304.5
2020-11-12,63.181142,179300000.0,50544913.6
2020-11-13,64.084436,180600000.0,83309766.8
2020-11-16,64.48737,180600000.0,0.0
2020-11-17,64.282452,178900000.0,-109280168.4
2020-11-18,63.656146,177050000.0,-117763870.1
2020-11-19,64.043129,176500000.0,-35223720.949999996
2020-11-20,63.882591,176850000.0,22358906.849999998
2020-11-23,63.923122,176850000.0,0.0
2020-11-24,65.214066,177500000.0,42389142.9
2020-11-25,65.200174,177750000.0,16300043.500000002
2020-11-27,65.645269,178300000.0,36104897.95
2020-11-30,65.355584,178250000.0,-3267779.1999999997
2020-12-01,66.612284,178450000.0,13322456.8
2020-12-02,67.201751,179650000.0,80642101.2
2020-12-03,66.897599,180150000.0,33448799.5
2020-12-04,66.948963,180150000.0,0.0
2020-12-07,67.414007,180400000.0,16853501.75
2020-12-08,67.29257,180400000.0,0.0
2020-12-09,66.504232,180400000.0,0.0
2020-12-10,66.549762,180100000.0,-19964928.6
2020-12-11,66.966702,180100000.0,0.0
2020-12-14,66.758284,180100000.0,0.0
2020-12-15,67.251493,180150000.0,3362574.65
2020-12-16,67.211125,179800000.0,-23523893.75
2020-12-17,67.062032,184800000.0,335310160.0
2020-12-18,67.126533,185000000.0,13425306.6
2020-12-21,66.434808,181050000.0,-262417491.60000002
2020-12-22,65.818203,179700000.0,-88854574.05
2020-12-23,66.176138,179650000.0,-3308806.9
2020-12-24,66.298739,179350000.0,-19889621.7
2020-12-28,67.427018,179350000.0,0.0
2020-12-29,67.377849,180500000.0,77484526.35
2020-12-30,66.916689,180750000.0,16729172.250000002
2020-12-31,67.511873,180800000.0,3375593.65
2021-01-04,66.452507,180550000.0,-16613126.75
2021-01-05,66.710438,180950000.0,26684175.2
2021-01-06,66.376303,180800000.0,-9956445.45
2021-01-07,67.261815,180700000.0,-6726181.5
2021-01-08,67.484145,188750000.0,543247367.25
2021-01-11,66.279951,181900000.0,-454017664.34999996
2021-01-12,65.254945,181850000.0,-3262747.2500000005
2021-01-13,65.450932,171800000.0,-657781866.5999999
2021-01-14,65.074764,170300000.0,-97612146.0
2021-01-15,65.288134,170650000.0,22850846.9
2021-01-19,66.459848,171050000.0,26583939.2
2021-01-20,68.55118,171350000.0,20565354.0
2021-01-21,68.8152,172350000.0,68815200.0
2021-01-22,68.869803,172450000.0,6886980.300000001
2021-01-25,69.24425,172250000.0,-13848849.999999998
2021-01-26,70.160045,172950000.0,49112031.5
2021-01-27,67.88167,172950000.0,0.0
2021-01-28,68.187595,172900000.0,-3409379.75
2021-01-29,66.919212,170800000.0,-140530345.20000002
2021-02-01,68.129456,170000000.0,-54503564.800000004
2021-02-02,69.1464,169300000.0,-48402480.0
2021-02-03,70.1081,169300000.0,0.0
2021-02-04,70.497964,169700000.0,28199185.599999998
2021-02-05,71.390207,169700000.0,0.0
2021-02-08,71.689969,169800000.0,7168996.9
2021-02-09,71.929028,169800000.0,0.0
2021-02-10,72.608954,171650000.0,134326564.9
2021-02-11,72.680201,172650000.0,72680201.0
2021-02-12,73.025222,172650000.0,0.0
2021-02-16,73.332878,172650000.0,0.0
2021-02-17,73.54446,172900000.0,18386115.0
2021-02-18,73.185113,173350000.0,32933300.85
2021-02-19,72.480012,173200000.0,-10872001.8
2021-02-22,72.149575,173400000.0,14429915.0
2021-02-23,72.734682,173600000.0,14546936.4
2021-02-24,72.891017,174200000.0,43734610.2
2021-02-25,71.289075,174650000.0,32080083.75
2021-02-26,71.611955,174100000.0,-39386575.25
2021-03-01,73.414724,174450000.0,25695153.400000002
2021-03-02,72.861008,175350000.0,65574907.199999996
2021-03-03,71.821647,176900000.0,111323552.85
2021-03-04,71.660656,177100000.0,14332131.200000001
2021-03-05,73.360333,177350000.0,18340083.25
2021-03-08,72.382854,178550000.0,86859424.8
2021-03-09,73.198421,178700000.0,10979763.149999999
2021-03-10,73.501752,174800000.0,-286656832.8
2021-03-11,74.907612,176100000.0,97379895.6
2021-03-12,74.694332,176050000.0,-3734716.6
2021-03-15,75.239399,176100000.0,3761969.95
2021-03-16,75.996806,175900000.0,-15199361.200000001
2021-03-17,76.036708,177000000.0,83640378.80000001
2021-03-18,74.751462,180050000.0,227991959.10000002
2021-03-19,75.42847,178250000.0,-135771246.0
2021-03-22,75.91809,173050000.0,-394774068.00000006
2021-03-23,75.3373,173300000.0,18834325.0
2021-03-24,73.45441,172200000.0,-80799851.0
2021-03-25,73.068696,172650000.0,32880913.200000003
2021-03-26,72.30628,171550000.0,-79536908.0
2021-03-29,73.029591,171450000.0,-7302959.1
2021-03-30,72.994069,170950000.0,-36497034.5
2021-03-31,73.292843,171650000.0,51304990.1
2021-04-01,74.576329,173100000.0,108135677.05
2021-04-05,76.138255,173850000.0,57103691.25
2021-04-06,76.331371,173350000.0,-38165685.5
2021-04-07,76.900698,174000000.0,49985453.7
2021-04-08,76.928027,181750000.0,596192209.25
2021-04-09,76.941299,174000000.0,-596295067.25
2021-04-12,76.609793,174150000.0,11491468.95
2021-04-13,76.695133,174400000.0,19173783.25
2021-04-14,75.890062,174450000.0,3794503.1
2021-04-15,76.874085,174500000.0,3843704.2499999995
2021-04-16,76.824016,173750000.0,-57618012.0
2021-04-19,76.403595,175100000.0,103144853.25
2021-04-20,76.006704,174600000.0,-38003352.0
2021-04-21,76.121161,174850000.0,19030290.25
2021-04-22,75.584819,172450000.0,-181403565.6
2021-04-23,76.429451,172150000.0,-22928835.3
2021-04-26,76.611066,172500000.0,26813873.099999998
2021-04-27,76.306178,172900000.0,30522471.2
2021-04-28,76.946395,171650000.0,-96182993.75
2021-04-29,79.118091,171950000.0,23735427.3
2021-04-30,78.022671,173000000.0,81923804.55
2021-05-03,77.652127,172800000.0,-15530425.399999999
2021-05-04,76.871602,172600000.0,-15374320.399999999
2021-05-05,76.761993,174000000.0,107466790.2
2021-05-06,77.699151,174150000.0,11654872.65
2021-05-07,78.279774,174450000.0,23483932.2
2021-05-10,76.773934,174700000.0,19193483.5
2021-05-11,76.586572,174400000.0,-22975971.6
2021-05-12,75.070532,174850000.0,33781739.4
2021-05-13,75.650091,173900000.0,-71867586.45
2021-05-14,77.08121,174050000.0,11562181.5
2021-05-17,76.492515,173900000.0,-11473877.25
2021-05-18,75.711183,173250000.0,-49212268.95
2021-05-19,75.833415,174250000.0,75833415.0
2021-05-20,77.14463,174650000.0,30857852.000000004
2021-05-21,76.87723,174650000.0,0.0
2021-05-24,78.254186,174750000.0,7825418.600000001
2021-05-25,78.251714,174550000.0,-15650342.8
2021-05-26,78.757615,174550000.0,0.0
2021-05-27,79.064481,175550000.0,79064481.0
2021-05-28,78.75065,175400000.0,-11812597.499999998
2021-06-01,78.845998,175350000.0,-3942299.9
2021-06-02,78.59085,175600000.0,19647712.5
2021-06-03,78.083727,175000000.0,-46850236.199999996
2021-06-04,79.177611,174550000.0,-35629924.95
2021-06-07,79.569217,174550000.0,0.0
2021-06-08,79.367839,175000000.0,35715527.550000004
2021-06-09,79.269003,175500000.0,39634501.5
2021-06-10,79.721976,173950000.0,-123569062.8
2021-06-11,79.789091,173600000.0,-27926181.85
2021-06-14,80.353517,174300000.0,56247461.9
2021-06-15,79.869762,174400000.0,7986976.199999999
2021-06-16,79.182346,174750000.0,27713821.099999998
2021-06-17,79.521767,178750000.0,318087068.0
2021-06-18,78.585687,178450000.0,-23575706.099999998
2021-06-21,79.195873,172750000.0,-451416476.1
2021-06-22,79.860962,175300000.0,203645453.1
2021-06-23,79.780954,173050000.0,-179507146.5
2021-06-24,80.535429,172850000.0,-16107085.799999999
2021-06-25,80.629896,173100000.0,20157474.0
2021-06-28,81.556484,172650000.0,-36700417.8
2021-06-29,81.150887,173350000.0,56805620.9
2021-06-30,80.962327,174050000.0,56673628.9
2021-07-01,81.582109,174050000.0,0.0
2021-07-02,82.143697,174500000.0,36964663.65
2021-07-06,81.953985,174250000.0,-20488496.25
2021-07-07,81.785816,174050000.0,-16357163.2
2021-07-08,80.902125,178500000.0,360014456.25
2021-07-09,81.642297,173900000.0,-375554566.2
2021-07-12,82.220215,173900000.0,0.0
2021-07-13,82.016845,173150000.0,-61512633.75
2021-07-14,81.923819,172800000.0,-28673336.65
2021-07-15,81.364617,172200000.0,-48818770.199999996
2021-07-16,80.891011,171100000.0,-88980112.10000001
2021-07-19,79.653431,170900000.0,-15930686.2
2021-07-20,80.503586,170750000.0,-12075537.9
2021-07-21,81.19161,169950000.0,-64953288.0
2021-07-22,81.46503,171000000.0,85538281.5
2021-07-23,83.474994,171050000.0,4173749.6999999997
2021-07-26,83.927864,171600000.0,46160325.2
2021-07-27,82.924216,171750000.0,12438632.4
2021-07-28,83.544009,172350000.0,50126405.4
2021-07-29,82.665734,172350000.0,0.0
2021-07-30,82.406358,174650000.0,189534623.4
2021-08-02,82.204188,175200000.0,45212303.4
2021-08-03,81.830452,174900000.0,-24549135.599999998
2021-08-04,82.071081,175000000.0,8207108.100000001
2021-08-05,82.813849,175600000.0,49688309.400000006
2021-08-06,82.80414,175600000.0,0.0
2021-08-09,82.681471,175750000.0,12402220.65
2021-08-10,82.804655,175750000.0,0.0
2021-08-11,82.977013,178300000.0,211591383.15
2021-08-12,83.147112,178400000.0,8314711.200000001
2021-08-13,83.184127,178950000.0,45751269.85
2021-08-16,83.332695,179350000.0,33333078.0
2021-08-17,82.60768,179350000.0,0.0
2021-08-18,82.00464,180300000.0,77904408.0
2021-08-19,82.008882,180900000.0,49205329.2
2021-08-20,82.732598,180600000.0,-24819779.4
2021-08-23,83.716855,183700000.0,259522250.5
2021-08-24,83.984505,184700000.0,83984505.0
2021-08-25,84.111325,184800000.0,8411132.5
2021-08-26,83.413458,186050000.0,104266822.5
2021-08-27,84.717726,186050000.0,0.0
2021-08-30,85.291764,186550000.0,42645882.0
2021-08-31,85.611029,185500000.0,-89891580.45
2021-09-01,86.033672,185400000.0,-8603367.2
2021-09-02,85.484126,186650000.0,106855157.5
2021-09-03,85.489134,186600000.0,-4274456.7
2021-09-07,85.690965,187000000.0,34276386.0
2021-09-08,85.215023,186400000.0,-51129013.800000004
2021-09-09,84.803434,186650000.0,21200858.5
2021-09-10,84.244475,186550000.0,-8424447.5
2021-09-13,84.458118,186900000.0,29560341.3
2021-09-14,83.708,186900000.0,0.0
2021-09-15,84.123102,187400000.0,42061551.0
2021-09-16,84.070225,188350000.0,79866713.75
2021-09-17,83.136727,188350000.0,0.0
2021-09-20,81.333036,188550000.0,16266607.200000001
2021-09-21,81.004808,188300000.0,-20251202.0
2021-09-22,80.94004,187750000.0,-44517022.0
2021-09-23,81.772436,187550000.0,-16354487.2
2021-09-24,82.421963,187650000.0,8242196.300000001
2021-09-27,82.427163,188100000.0,37092223.349999994
2021-09-28,80.418048,188150000.0,4020902.4
2021-09-29,80.359229,189750000.0,128574766.4
2021-09-30,80.148168,188900000.0,-68125942.8
2021-10-01,81.431279,189350000.0,36644075.550000004
2021-10-04,79.709449,188650000.0,-55796614.300000004
2021-10-05,80.878118,187850000.0,-64702494.4
2021-10-06,81.039485,187700000.0,-12155922.75
2021-10-07,81.388549,195400000.0,626691827.3
2021-10-08,80.989014,187800000.0,-615516506.4
2021-10-11,79.751891,187400000.0,-31900756.4
2021-10-12,79.017949,186850000.0,-43459871.95
2021-10-13,79.349612,184100000.0,-218211432.99999997
2021-10-14,80.499399,184200000.0,8049939.899999999
2021-10-15,80.297422,184550000.0,28104097.7
2021-10-18,80.936672,185400000.0,68796171.2
2021-10-19,81.713155,186000000.0,49027893.0
2021-10-20,81.857952,186550000.0,45021873.6
2021-10-21,82.131444,186850000.0,24639433.2
2021-10-22,80.381364,186400000.0,-36171613.800000004
2021-10-25,80.685501,186400000.0,0.0
2021-10-26,80.0193,186100000.0,-24005790.0
2021-10-27,79.761009,186650000.0,43868554.95
2021-10-28,80.054162,187550000.0,72048745.80000001
2021-10-29,80.307653,187550000.0,0.0
2021-11-01,80.442601,187800000.0,20110650.25
2021-11-02,80.403785,188000000.0,16080757.0
2021-11-03,80.704952,187850000.0,-12105742.8
2021-11-04,81.036109,188350000.0,40518054.5
2021-11-05,81.69414,187650000.0,-57185898.0
2021-11-08,81.350491,187450000.0,-16270098.200000001
2021-11-09,81.115591,187550000.0,8111559.1
2021-11-10,80.218645,187850000.0,24065593.5
2021-11-11,80.056526,188150000.0,24016957.8
2021-11-12,81.231403,188550000.0,32492561.2
2021-11-15,81.459196,188350000.0,-16291839.200000001
2021-11-16,80.82206,188350000.0,0.0
2021-11-17,80.511598,188250000.0,-8051159.800000001
2021-11-18,79.96163,184650000.0,-287861868.0
2021-11-19,79.666756,184550000.0,-7966675.600000001
2021-11-22,78.717313,183350000.0,-94460775.60000001
2021-11-23,78.486151,183750000.0,31394460.400000002
2021-11-24,78.61006,183400000.0,-27513521.0
2021-11-26,77.282087,183850000.0,34776939.15
2021-11-29,77.830673,185100000.0,97288341.25
2021-11-30,75.404491,185250000.0,11310673.649999999
2021-12-01,73.638119,185150000.0,-7363811.9
2021-12-02,74.848362,183650000.0,-112272542.99999999
2021-12-03,74.704551,183200000.0,-33617047.949999996
2021-12-06,75.910132,182300000.0,-68319118.8
2021-12-07,76.703002,180050000.0,-172581754.5
2021-12-08,77.282343,179900000.0,-11592351.45
2021-12-09,76.625484,181050000.0,88119306.6
2021-12-10,76.686939,181100000.0,3834346.9499999997
2021-12-13,76.262533,181950000.0,64823153.050000004
2021-12-14,76.053121,181400000.0,-41829216.550000004
2021-12-15,76.916905,181150000.0,-19229226.25
2021-12-16,76.77397,187600000.0,495192106.50000006
2021-12-17,76.509911,187600000.0,0.0
2021-12-20,75.776914,179800000.0,-591059929.2
2021-12-21,77.225442,181450000.0,127421979.3
2021-12-22,77.438491,180750000.0,-54206943.7
2021-12-23,78.128682,181500000.0,58596511.5
2021-12-27,78.887322,181650000.0,11833098.299999999
2021-12-28,78.790991,181650000.0,0.0
2021-12-29,78.447439,182100000.0,35301347.550000004
2021-12-30,78.734355,182800000.0,55114048.49999999
2021-12-31,77.673326,183650000.0,66022327.1
2022-01-03,78.250309,183000000.0,-50862700.85
2022-01-04,78.080837,181350000.0,-128833381.05
2022-01-05,76.119345,180450000.0,-68507410.5
2022-01-06,76.419484,179400000.0,-80240458.2
2022-01-07,76.409301,182300000.0,221586972.9
2022-01-10,75.958033,173500000.0,-668430690.4
2022-01-11,76.905696,176000000.0,192264240.00000003
2022-01-12,77.018478,177250000.0,96273097.5
2022-01-13,76.181258,176300000.0,-72372195.1
2022-01-14,76.575964,175400000.0,-68918367.6
2022-01-18,75.590879,175450000.0,3779543.95
2022-01-19,75.505683,175400000.0,-3775284.1500000004
2022-01-20,74.753197,175550000.0,11212979.55
2022-01-21,72.232232,174850000.0,-50562562.4
2022-01-24,72.701282,174800000.0,-3635064.1
2022-01-25,71.226227,177000000.0,156697699.39999998
2022-01-26,70.224563,175550000.0,-101825616.35000001
2022-01-27,70.315126,176200000.0,45704831.900000006
2022-01-28,72.326895,176150000.0,-3616344.7499999995
2022-01-31,73.957704,176250000.0,7395770.4
2022-02-01,74.626594,175250000.0,-74626594.0
2022-02-02,76.11309,174850000.0,-30445236.0
2022-02-03,70.950182,175650000.0,56760145.6
2022-02-04,71.171156,175500000.0,-10675673.4
2022-02-07,69.912224,174950000.0,-38451723.199999996
2022-02-08,69.886914,174750000.0,-13977382.8
2022-02-09,71.882837,174850000.0,7188283.699999999
2022-02-10,70.82408,176100000.0,88530100.0
2022-02-11,69.316246,176450000.0,24260686.1
2022-02-14,69.320451,176000000.0,-31194202.950000003
2022-02-15,70.298954,176100000.0,7029895.399999999
2022-02-16,69.789689,175650000.0,-31405360.049999997
2022-02-17,67.957244,175100000.0,-37376484.2
2022-02-18,67.401745,173100000.0,-134803490.0
2022-02-22,66.722505,173000000.0,-6672250.5
2022-02-23,65.598371,173600000.0,39359022.6
2022-02-24,67.458221,172300000.0,-87695687.3
2022-02-25,68.535896,172300000.0,0.0
2022-02-28,68.439418,172050000.0,-17109854.5
2022-03-01,67.564245,172050000.0,0.0
2022-03-02,68.174154,172950000.0,61356738.6
2022-03-03,67.467419,173000000.0,3373370.95
2022-03-04,66.482277,173350000.0,23268796.95
2022-03-07,64.257805,173700000.0,22490231.75
2022-03-08,64.136447,174550000.0,54515979.95
2022-03-09,66.013702,174150000.0,-26405480.799999997
2022-03-10,65.549228,173550000.0,-39329536.8
2022-03-11,64.356314,173050000.0,-32178157.0
2022-03-14,63.617749,173500000.0,28627987.05
2022-03-15,64.853352,173500000.0,0.0
2022-03-16,66.632565,173850000.0,23321397.75
2022-03-17,67.333015,174900000.0,70699665.75
2022-03-18,68.221805,174900000.0,0.0
2022-03-21,67.40847,173950000.0,-64038046.49999999
2022-03-22,68.665945,172650000.0,-89265728.49999999
2022-03-23,67.751731,172650000.0,0.0
2022-03-24,68.849759,173150000.0,34424879.5
2022-03-25,69.190893,173050000.0,-6919089.3
2022-03-28,69.413185,172900000.0,-10411977.75
2022-03-29,70.591296,172800000.0,-7059129.6
2022-03-30,70.078678,173250000.0,31535405.099999998
2022-03-31,68.750557,172100000.0,-79063140.55
2022-04-01,69.278108,172350000.0,17319527.0
2022-04-04,71.207281,171400000.0,-67646916.94999999
2022-04-05,70.295546,171500000.0,7029554.600000001
2022-04-06,68.978291,171600000.0,6897829.1
2022-04-07,68.354966,176000000.0,300761850.40000004
2022-04-08,68.049748,171300000.0,-319833815.59999996
2022-04-11,67.199349,171600000.0,20159804.7
2022-04-12,66.633351,172300000.0,46643345.7
2022-04-13,67.621257,169650000.0,-179196331.05
2022-04-14,66.476091,167600000.0,-136275986.54999998
2022-04-18,66.256022,167600000.0,0.0
2022-04-19,67.563814,167400000.0,-13512762.799999999
2022-04-20,64.615425,169350000.0,126000078.75
2022-04-21,62.830184,167700000.0,-103669803.60000001
2022-04-22,61.332978,167900000.0,12266595.6
2022-04-25,62.167614,167950000.0,3108380.7
2022-04-26,60.103343,168700000.0,45077507.25
2022-04-27,58.761432,170000000.0,76389861.6
2022-04-28,61.127387,168450000.0,-94747449.85
2022-04-29,59.083133,168250000.0,-11816626.6
2022-05-02,60.663702,167750000.0,-30331851.0
2022-05-03,60.845922,168150000.0,24338368.8
2022-05-04,62.941759,167900000.0,-15735439.75
2022-05-05,60.596987,167350000.0,-33328342.849999998
2022-05-06,59.374164,166950000.0,-23749665.6
2022-05-09,57.820888,166500000.0,-26019399.599999998
2022-05-10,58.08381,168350000.0,107455048.5
2022-05-11,57.052059,169150000.0,45641647.2
2022-05-12,57.674088,165450000.0,-213394125.6
2022-05-13,59.023497,161300000.0,-244947512.54999998
2022-05-16,58.622191,160200000.0,-64484410.1
2022-05-17,59.906129,161950000.0,104835725.75
2022-05-18,57.93934,163650000.0,98496878.0
2022-05-19,57.865567,167300000.0,211209319.54999998
2022-05-20,58.006109,169000000.0,98610385.3
2022-05-23,58.902991,169800000.0,47122392.8
2022-05-24,56.790253,172300000.0,141975632.5
2022-05-25,57.580477,170000000.0,-132435097.10000001
2022-05-26,58.944552,170550000.0,32419503.6
2022-05-27,60.236763,170300000.0,-15059190.75
2022-05-31,60.184383,170600000.0,18055314.9
2022-06-01,59.499829,170950000.0,20824940.15
2022-06-02,60.936328,171750000.0,48749062.400000006
2022-06-03,59.632203,170200000.0,-92429914.64999999
2022-06-06,59.922734,170200000.0,0.0
2022-06-07,60.343005,170050000.0,-9051450.75
2022-06-08,60.199391,170050000.0,0.0
2022-06-09,58.330993,169000000.0,-61247542.65
2022-06-10,56.693304,168550000.0,-25511986.8
2022-06-13,54.028453,169800000.0,67535566.25
2022-06-14,53.844269,169900000.0,5384426.899999999
2022-06-15,55.091884,169500000.0,-22036753.6
2022-06-16,53.069356,168350000.0,-61029759.4
2022-06-17,53.846892,168300000.0,-2692344.5999999996
2022-06-21,54.076604,169650000.0,73003415.4
2022-06-22,54.179456,170100000.0,24380755.2
2022-06-23,54.828199,170700000.0,32896919.4
2022-06-24,56.911386,170850000.0,8536707.9
2022-06-27,56.412854,170800000.0,-2820642.7
2022-06-28,54.761878,171150000.0,19166657.3
2022-06-29,54.920231,171150000.0,0.0
2022-06-30,54.269289,170900000.0,-13567322.25
2022-07-01,54.837243,170950000.0,2741862.15
2022-07-05,56.090839,171250000.0,16827251.7
2022-07-06,56.120076,171400000.0,8418011.4
2022-07-07,57.009937,171600000.0,11401987.4
2022-07-08,56.695773,171750000.0,8504365.950000001
2022-07-11,55.003312,171600000.0,-8250496.8
2022-07-12,54.962697,171850000.0,13740674.25
2022-07-13,54.711473,172800000.0,51975899.35
2022-07-14,54.040834,173750000.0,51338792.3
2022-07-15,55.411446,173600000.0,-8311716.899999999
2022-07-18,55.151739,173400000.0,-11030347.8
2022-07-19,57.125702,173650000.0,14281425.5
2022-07-20,58.047667,173600000.0,-2902383.3499999996
2022-07-21,57.988892,173500000.0,-5798889.2
2022-07-22,55.990232,172250000.0,-69987790.0
2022-07-25,55.78942,172200000.0,-2789471.0
2022-07-26,54.690445,172050000.0,-8203566.749999999
2022-07-27,57.010092,172800000.0,42757569.0
2022-07-28,56.342119,172750000.0,-2817105.9499999997
2022-07-29,56.366733,172300000.0,-25365029.85
2022-08-01,56.283661,173250000.0,53469477.95
2022-08-02,56.215918,173650000.0,22486367.2
2022-08-03,57.547459,173500000.0,-8632118.85
2022-08-04,57.809779,174100000.0,34685867.4
2022-08-05,57.102485,174000000.0,-5710248.5
2022-08-08,57.412448,174700000.0,40188713.6
2022-08-09,56.845947,174500000.0,-11369189.4
2022-08-10,58.455118,174600000.0,5845511.8
2022-08-11,58.514966,174400000.0,-11702993.200000001
2022-08-12,59.56342,174200000.0,-11912684.0
2022-08-15,59.780971,174200000.0,0.0
2022-08-16,59.874534,174250000.0,2993726.6999999997
2022-08-17,58.712175,174500000.0,14678043.75
2022-08-18,58.647243,175350000.0,49850156.550000004
2022-08-19,57.692801,175350000.0,0.0
2022-08-22,56.02752,175250000.0,-5602752.0
2022-08-23,55.533607,174900000.0,-19436762.450000003
2022-08-24,55.893582,175650000.0,41920186.5
2022-08-25,56.982757,176650000.0,56982757.0
2022-08-26,55.150752,176650000.0,0.0
2022-08-29,54.715898,176600000.0,-2735794.9000000004
2022-08-30,54.23503,176950000.0,18982260.5
2022-08-31,54.390679,176950000.0,0.0
2022-09-01,54.864633,176350000.0,-32918779.799999997
2022-09-02,53.850014,176250000.0,-5385001.4
2022-09-06,53.138106,176400000.0,7970715.9
2022-09-07,54.218635,177400000.0,54218635.0
2022-09-08,54.127585,175100000.0,-124493445.50000001
2022-09-09,55.605217,172000000.0,-172376172.70000002
2022-09-12,55.88484,168150000.0,-215156634.0
2022-09-13,52.824799,167900000.0,-13206199.75
2022-09-14,52.920993,168350000.0,23814446.85
2022-09-15,52.677369,166700000.0,-86917658.85
2022-09-16,52.146951,166450000.0,-13036737.75
2022-09-19,52.317847,166300000.0,-7847677.05
2022-09-20,51.526806,165000000.0,-66984847.8
2022-09-21,50.250807,164750000.0,-12562701.75
2022-09-22,50.074768,161250000.0,-175261688.0
2022-09-23,49.100638,160250000.0,-49100638.0
2022-09-26,48.278168,160400000.0,7241725.2
2022-09-27,48.048442,159450000.0,-45646019.9
2022-09-28,49.684045,159050000.0,-19873618.0
2022-09-29,48.494598,158050000.0,-48494598.0
2022-09-30,47.886703,158000000.0,-2394335.15
2022-10-03,49.228035,158250000.0,12307008.75
2022-10-04,50.740743,167350000.0,461740761.3
2022-10-05,50.330538,158200000.0,-460524422.7
2022-10-06,50.06053,159350000.0,57569609.5
2022-10-07,48.694533,159600000.0,12173633.25
2022-10-10,48.617376,159750000.0,7292606.4
2022-10-11,47.694362,159400000.0,-16693026.7
2022-10-12,47.628321,159600000.0,9525664.2
2022-10-13,48.762219,159000000.0,-29257331.400000002
2022-10-14,47.929818,159050000.0,2396490.9
2022-10-17,49.298791,161250000.0,108457340.2
2022-10-18,49.669244,161700000.0,22351159.8
2022-10-19,49.680349,161600000.0,-4968034.9
2022-10-20,49.827572,167350000.0,286508539.0
2022-10-21,50.168141,168250000.0,45151326.9
2022-10-24,50.49209,168300000.0,2524604.5
2022-10-25,51.818422,167650000.0,-33681974.3
2022-10-26,50.193236,168800000.0,57722221.4
2022-10-27,47.823178,169400000.0,28693906.8
2022-10-28,49.016574,169400000.0,0.0
2022-10-31,48.213891,169850000.0,21696250.95
2022-11-01,47.884712,170600000.0,35913534.0
2022-11-02,46.543107,172100000.0,69814660.5
2022-11-03,45.390435,174350000.0,102128478.74999999
2022-11-04,45.723386,171550000.0,-128025480.8
2022-11-07,46.535813,171750000.0,9307162.6
2022-11-08,46.566629,172750000.0,46566629.0
2022-11-09,45.946532,172300000.0,-20675939.4
2022-11-10,48.754601,171450000.0,-41441410.85
2022-11-11,50.027793,171450000.0,0.0
2022-11-14,49.829181,171100000.0,-17440213.349999998
2022-11-15,50.539484,171600000.0,25269742.0
2022-11-16,50.022533,171150000.0,-22510139.85
2022-11-17,49.669896,170250000.0,-44702906.4
2022-11-18,49.50775,168050000.0,-108917050.0
2022-11-21,49.103472,168050000.0,0.0
2022-11-22,49.858347,168050000.0,0.0
2022-11-23,50.457645,168050000.0,0.0
2022-11-25,50.157223,168250000.0,10031444.6
2022-11-28,49.398,169050000.0,39518400.0
2022-11-29,49.403755,168950000.0,-4940375.5
2022-11-30,51.524915,168150000.0,-41219932.0
2022-12-01,51.791921,167900000.0,-12947980.25
2022-12-02,51.952145,167800000.0,-5195214.5
2022-12-05,51.123328,168050000.0,12780832.0
2022-12-06,49.662523,168050000.0,0.0
2022-12-07,49.392518,168100000.0,2469625.9
2022-12-08,49.283214,167200000.0,-44354892.6
2022-12-09,49.452825,167200000.0,0.0
2022-12-12,49.838372,167550000.0,17443430.2
2022-12-13,50.640017,167550000.0,0.0
2022-12-14,50.000491,168350000.0,40000392.8
2022-12-15,48.049636,168250000.0,-4804963.6
2022-12-16,48.058658,168600000.0,16820530.3
2022-12-19,46.82129,167350000.0,-58526612.5
2022-12-20,47.144654,167100000.0,-11786163.5
2022-12-21,47.757203,166300000.0,-38205762.4
2022-12-22,47.343628,166250000.0,-2367181.4
2022-12-23,47.808182,166250000.0,0.0
2022-12-27,47.37732,165750000.0,-23688660.0
2022-12-28,46.694866,165750000.0,0.0
2022-12-29,47.958372,164300000.0,-69539639.39999999
2022-12-30,47.97329,164350000.0,2398664.5
2023-01-03,48.628749,164750000.0,19451499.6
2023-01-04,49.540169,163850000.0,-44586152.1
2023-01-05,49.570116,164000000.0,7435517.399999999
2023-01-06,50.401065,163650000.0,-17640372.75
2023-01-09,50.461139,170050000.0,322951289.6
2023-01-10,51.241635,164950000.0,-261332338.5
2023-01-11,51.607038,168350000.0,175463929.20000002
2023-01-12,52.17397,169000000.0,33913080.5
2023-01-13,52.348395,169800000.0,41878716.0
2023-01-17,51.852165,170350000.0,28518690.75
2023-01-18,51.216243,170600000.0,12804060.75
2023-01-19,51.476196,168850000.0,-90083343.0
2023-01-20,53.1257,166400000.0,-130157965.0
2023-01-23,54.032066,166350000.0,-2701603.3
2023-01-24,53.876566,166300000.0,-2693828.3
2023-01-25,54.05376,168900000.0,140539776.0
2023-01-26,54.901259,169550000.0,35685818.35
2023-01-27,55.286988,169550000.0,0.0
2023-01-30,54.423341,169950000.0,21769336.4
2023-01-31,55.075512,169450000.0,-27537756.0
2023-02-01,55.707978,169500000.0,2785398.9
2023-02-02,59.378768,170350000.0,50471952.800000004
2023-02-03,58.188276,170500000.0,8728241.4
2023-02-06,57.477368,169400000.0,-63225104.8
2023-02-07,58.563345,169100000.0,-17569003.5
2023-02-08,56.719699,169100000.0,0.0
2023-02-09,55.482103,168700000.0,-22192841.2
2023-02-10,54.94085,168300000.0,-21976340.0
2023-02-13,55.756598,168600000.0,16726979.399999999
2023-02-14,55.745954,168200000.0,-22298381.599999998
2023-02-15,56.282167,168600000.0,22512866.8
2023-02-16,55.400658,169200000.0,33240394.8
2023-02-17,55.32643,169250000.0,2766321.5
2023-02-21,54.135676,169350000.0,5413567.6
2023-02-22,54.216507,168900000.0,-24397428.15
2023-02-23,53.974513,168550000.0,-18891079.55
2023-02-24,53.24411,168800000.0,13311027.5
2023-02-27,53.391177,168600000.0,-10678235.4
2023-02-28,53.496234,168850000.0,13374058.5
2023-03-01,53.060682,168400000.0,-23877306.9
2023-03-02,53.598813,166500000.0,-101837744.7
2023-03-03,54.737887,166450000.0,-2736894.35
2023-03-06,54.756631,166150000.0,-16426989.299999999
2023-03-07,54.175784,166550000.0,21670313.6
2023-03-08,54.24231,166650000.0,5424231.0
2023-03-09,53.004611,166750000.0,5300461.1
2023-03-10,52.239861,165850000.0,-47015874.9
2023-03-13,52.27708,164600000.0,-65346350.0
2023-03-14,53.74967,164150000.0,-24187351.5
2023-03-15,54.296413,164550000.0,21718565.2
2023-03-16,55.531265,164950000.0,22212506.0
2023-03-17,55.012367,164600000.0,-19254328.45
2023-03-20,55.243886,164550000.0,-2762194.3000000003
2023-03-21,56.45097,165200000.0,36693130.5
2023-03-22,55.460075,165400000.0,11092015.0
2023-03-23,56.397634,164850000.0,-31018698.7
2023-03-24,56.640102,164450000.0,-22656040.8
2023-03-27,56.334177,165050000.0,33800506.199999996
2023-03-28,55.874166,165550000.0,27937083.0
2023-03-29,56.600142,166850000.0,73580184.6
2023-03-30,56.895178,167450000.0,34137106.800000004
2023-03-31,57.979178,169050000.0,92766684.8
2023-04-03,58.188963,172700000.0,212389714.95000002
2023-04-04,58.390051,183800000.0,648129566.1
2023-04-05,58.18048,168950000.0,-863980128.0
2023-04-06,58.947138,170850000.0,111999562.2
2023-04-10,58.799326,173350000.0,146998315.0
2023-04-11,58.634409,174100000.0,43975806.75
2023-04-12,58.035153,185200000.0,644190198.3000001
2023-04-13,59.245474,186550000.0,79981389.9
2023-04-14,59.232567,186250000.0,-17769770.1
2023-04-17,58.885955,186950000.0,41220168.5
2023-04-18,58.583416,187400000.0,26362537.2
2023-04-19,58.146222,187750000.0,20351177.7
2023-04-20,57.553334,188600000.0,48920333.9
2023-04-21,57.683364,188600000.0,0.0
2023-04-24,57.607922,188350000.0,-14401980.5
2023-04-25,56.731991,187550000.0,-45385592.8
2023-04-26,56.138338,188400000.0,47717587.3
2023-04-27,59.376294,188350000.0,-2968814.7
2023-04-28,59.897474,188850000.0,29948737.0
2023-05-01,59.901076,187900000.0,-56906022.2
2023-05-02,58.794747,187300000.0,-35276848.2
2023-05-03,58.557953,189550000.0,131755394.25
2023-05-04,57.623297,190300000.0,43217472.75
2023-05-05,58.315174,190400000.0,5831517.399999999
2023-05-08,58.904728,190700000.0,17671418.4
2023-05-09,58.544661,191150000.0,26345097.45
2023-05-10,59.047414,193250000.0,123999569.4
2023-05-11,59.650756,193900000.0,38772991.4
2023-05-12,59.696009,194000000.0,5969600.899999999
2023-05-15,59.97688,194750000.0,44982660.0
2023-05-16,59.935944,195100000.0,20977580.4
2023-05-17,60.652335,195600000.0,30326167.5
2023-05-18,61.731732,195750000.0,9259759.8
2023-05-19,61.398136,195800000.0,3069906.8000000003
2023-05-22,61.957476,195600000.0,-12391495.2
2023-05-23,61.19365,195750000.0,9179047.5
2023-05-24,60.931436,196200000.0,27419146.2
2023-05-25,60.906008,196900000.0,42634205.6
2023-05-26,62.143856,197050000.0,9321578.4
2023-05-30,62.239585,197550000.0,31119792.5
2023-05-31,62.227423,198600000.0,65338794.15
2023-06-01,63.067035,198550000.0,-3153351.75
2023-06-02,63.144297,198750000.0,12628859.4
2023-06-05,63.334957,199050000.0,19000487.1
2023-06-06,63.578265,199150000.0,6357826.5
2023-06-07,62.849593,198800000.0,-21997357.55
2023-06-08,63.172829,199700000.0,56855546.1
2023-06-09,63.206952,199650000.0,-3160347.6
2023-06-12,63.952384,198750000.0,-57557145.6
2023-06-13,64.156827,197700000.0,-67364668.35000001
2023-06-14,64.281461,196950000.0,-48211095.74999999
2023-06-15,65.281271,197000000.0,3264063.5500000003
2023-06-16,64.746087,196700000.0,-19423826.1
2023-06-20,64.329958,196000000.0,-45030970.6
2023-06-21,63.71909,196300000.0,19115727.0
2023-06-22,64.19317,196550000.0,16048292.499999998
2023-06-23,64.070313,196700000.0,9610546.95
2023-06-26,63.385233,198400000.0,107754896.1
2023-06-27,64.480609,199100000.0,45136426.300000004
2023-06-28,64.747405,199950000.0,55035294.25
2023-06-29,64.411518,200300000.0,22544031.3
2023-06-30,65.081907,201050000.0,48811430.25
2023-07-03,65.27291,201700000.0,42427391.5
2023-07-05,65.800987,201800000.0,6580098.7
2023-07-06,65.256493,201800000.0,0.0
2023-07-07,65.03417,207200000.0,351184518.0
2023-07-10,64.885071,202150000.0,-327669608.54999995
2023-07-11,65.991694,201850000.0,-19797508.2
2023-07-12,66.793725,201950000.0,6679372.499999999
2023-07-13,67.787083,202650000.0,47450958.099999994
2023-07-14,67.149184,203200000.0,36932051.2
2023-07-17,66.902768,204250000.0,70247906.39999999
2023-07-18,67.356634,204200000.0,-3367831.7
2023-07-19,67.545708,204600000.0,27018283.200000003
2023-07-20,66.231455,205050000.0,29804154.75
2023-07-21,65.56019,209050000.0,262240760.00000003
2023-07-24,65.671835,209500000.0,29552325.75
2023-07-25,65.879121,209850000.0,23057692.349999998
2023-07-26,66.901837,210450000.0,40141102.2
2023-07-27,67.475757,210600000.0,10121363.55
2023-07-28,68.806847,210350000.0,-17201711.75
2023-07-31,68.768474,211450000.0,75645321.39999999
2023-08-01,68.70679,211750000.0,20612037.0
2023-08-02,67.398999,211450000.0,-20219699.7
2023-08-03,67.243194,212400000.0,63881034.300000004
2023-08-04,67.094922,212550000.0,10064238.299999999
2023-08-07,68.11321,212700000.0,10216981.5
2023-08-08,67.929654,212650000.0,-3396482.7
2023-08-09,67.179044,212750000.0,6717904.4
2023-08-10,67.443455,214850000.0,141631255.5
2023-08-11,67.108057,215000000.0,10066208.55
2023-08-14,67.620103,215100000.0,6762010.3
2023-08-15,67.02197,215050000.0,-3351098.5
2023-08-16,66.223852,215400000.0,23178348.2
2023-08-17,65.461264,215750000.0,22911442.4
2023-08-18,65.065512,215650000.0,-6506551.2
2023-08-21,65.526245,215400000.0,-16381561.25
2023-08-22,65.524849,215450000.0,3276242.45
2023-08-23,66.565313,216050000.0,39939187.800000004
2023-08-24,65.344875,216700000.0,42474168.75
2023-08-25,65.378795,217600000.0,58840915.5
2023-08-28,66.16722,216900000.0,-46317054.0
2023-08-29,67.623525,217150000.0,16905881.25
2023-08-30,67.675438,217150000.0,0.0
2023-08-31,67.723505,216400000.0,-50792628.75
2023-09-01,67.101601,215650000.0,-50326200.75
2023-09-05,67.08421,210100000.0,-372317365.5
2023-09-06,66.839046,210300000.0,13367809.2
2023-09-07,66.765626,211300000.0,66765626.0
2023-09-08,66.952937,211350000.0,3347646.85
2023-09-11,67.93117,210450000.0,-61138052.99999999
2023-09-12,67.276339,210650000.0,13455267.799999999
2023-09-13,67.468406,208350000.0,-155177333.8
2023-09-14,68.396936,207100000.0,-85496170.0
2023-09-15,67.532763,206800000.0,-20259828.900000002
2023-09-18,67.402697,206300000.0,-33701348.5
2023-09-19,67.449795,205950000.0,-23607428.249999996
2023-09-20,66.53285,205850000.0,-6653285.0
2023-09-21,65.735726,204650000.0,-78882871.2
2023-09-22,65.645981,203900000.0,-49234485.75000001
2023-09-25,65.751313,202250000.0,-108489666.44999999
2023-09-26,65.054022,201450000.0,-52043217.6
2023-09-27,65.221502,201050000.0,-26088600.8
2023-09-28,65.911561,199950000.0,-72502717.10000001
2023-09-29,65.584376,199600000.0,-22954531.6
2023-10-02,66.071321,199900000.0,19821396.3
2023-10-03,65.188289,200700000.0,52150631.199999996
2023-10-04,65.791749,200850000.0,9868762.35
2023-10-05,65.700846,201000000.0,9855126.9
2023-10-06,66.898369,209150000.0,545221707.35
2023-10-09,67.6313,202200000.0,-470037535.0
2023-10-10,68.032452,201600000.0,-40819471.2
2023-10-11,68.616476,203000000.0,96063066.4
2023-10-12,67.847378,204950000.0,132302387.10000001
2023-10-13,67.082065,206400000.0,97268994.25
2023-10-16,68.108679,206900000.0,34054339.5
2023-10-17,68.396753,207550000.0,44457889.45
2023-10-18,67.227132,208050000.0,33613566.0
2023-10-19,67.179054,209050000.0,67179054.0
2023-10-20,66.504341,208700000.0,-23276519.349999998
2023-10-23,66.857122,209200000.0,33428561.000000004
2023-10-24,67.632251,209350000.0,10144837.65
2023-10-25,64.74925,209400000.0,3237462.5
2023-10-26,63.343621,208650000.0,-47507715.75
2023-10-27,63.117653,207700000.0,-59961770.349999994
2023-10-30,64.365985,206900000.0,-51492787.99999999
2023-10-31,64.714204,204650000.0,-145606959.0
2023-11-01,65.66078,203650000.0,-65660780.0
2023-11-02,66.518032,203500000.0,-9977704.8
2023-11-03,67.577,205100000.0,108123200.0
2023-11-06,67.3709,205100000.0,0.0
2023-11-07,67.720019,206250000.0,77878021.85
2023-11-08,67.442987,205950000.0,-20232896.1
2023-11-09,67.4056,205800000.0,-10110840.000000002
2023-11-10,68.461749,205850000.0,3423087.4499999997
2023-11-13,68.31463,205950000.0,6831462.999999999
2023-11-14,69.443538,208100000.0,149303606.70000002
2023-11-15,69.781017,208850000.0,52335762.75000001
2023-11-16,70.084802,209700000.0,59572081.699999996
2023-11-17,70.052324,208000000.0,-119088950.8
2023-11-20,70.829869,208150000.0,10624480.35
2023-11-21,70.620169,208050000.0,-7062016.9
2023-11-22,71.180431,208550000.0,35590215.5
2023-11-24,70.938413,208700000.0,10640761.95
2023-11-27,70.525869,209050000.0,24684054.15
2023-11-28,70.68654,209400000.0,24740288.999999996
2023-11-29,70.167735,210200000.0,56134187.99999999
2023-11-30,69.749624,212000000.0,125549323.19999999
2023-12-01,69.909859,212300000.0,20972957.7
2023-12-04,69.226332,212750000.0,31151849.4
2023-12-05,68.882247,219050000.0,433958156.1
2023-12-06,68.695143,218550000.0,-34347571.5
2023-12-07,70.142415,218150000.0,-28056966.0
2023-12-08,70.474274,218150000.0,0.0
2023-12-11,69.93356,218200000.0,3496678.0
2023-12-12,70.207901,219250000.0,73718296.05000001
2023-12-13,70.868595,220650000.0,99216033.0
2023-12-14,71.164119,220800000.0,10674617.85
2023-12-15,71.053456,220950000.0,10658018.4
2023-12-18,71.715354,220700000.0,-17928838.5
2023-12-19,72.438659,221350000.0,47085128.35
2023-12-20,71.903131,222000000.0,46737035.15
2023-12-21,72.592499,222650000.0,47185124.35
2023-12-22,72.586276,222600000.0,-3629313.8
2023-12-26,72.870571,223350000.0,54652928.25
2023-12-27,72.877277,223800000.0,32794774.650000002
2023-12-28,73.06894,224500000.0,51148258.0
2023-12-29,72.649693,225450000.0,69017208.35
2024-01-02,72.252032,226150000.0,50576422.4
2024-01-03,72.008387,223600000.0,-183621386.85
2024-01-04,71.753259,221700000.0,-136331192.1
2024-01-05,72.070883,220850000.0,-61260250.55
2024-01-08,73.154353,220600000.0,-18288588.25
2024-01-09,73.027034,226500000.0,430859500.6
2024-01-10,73.705632,220300000.0,-456974918.4
2024-01-11,73.426244,219350000.0,-69754931.8
2024-01-12,73.802198,219150000.0,-14760439.600000001
2024-01-16,73.418516,219200000.0,3670925.8
2024-01-17,72.925052,218950000.0,-18231263.0
2024-01-18,73.823389,219500000.0,40602863.95
2024-01-19,74.843533,220050000.0,41163943.15
2024-01-22,74.957941,220550000.0,37478970.5
2024-01-23,75.709239,221650000.0,83280162.89999999
2024-01-24,76.190645,221100000.0,-41904854.75
2024-01-25,77.39253,220800000.0,-23217758.999999996
2024-01-26,77.698055,220050000.0,-58273541.25
2024-01-29,78.302727,219700000.0,-27405954.450000003
2024-01-30,77.813331,219800000.0,7781333.100000001
2024-01-31,75.893538,219800000.0,0.0
2024-02-01,76.650573,220100000.0,22995171.9
2024-02-02,79.753361,219850000.0,-19938340.25
2024-02-05,78.621695,219650000.0,-15724339.0
2024-02-06,78.400589,219550000.0,-7840058.899999999
2024-02-07,78.767968,219150000.0,-31507187.2
2024-02-08,79.063086,219650000.0,39531543.0
2024-02-09,79.193575,219550000.0,-7919357.5
2024-02-12,79.394922,221600000.0,162759590.1
2024-02-13,78.329909,220950000.0,-50914440.85
2024-02-14,79.506373,220350000.0,-47703823.8
2024-02-15,80.176915,220850000.0,40088457.5
2024-02-16,78.983396,220650000.0,-15796679.2
2024-02-20,78.821956,220600000.0,-3941097.8
2024-02-21,78.71658,220850000.0,19679145.0
2024-02-22,79.960064,220500000.0,-27986022.400000002
2024-02-23,79.66723,219200000.0,-103567399.0
2024-02-26,78.546796,219400000.0,15709359.2
2024-02-27,79.169659,219250000.0,-11875448.85
2024-02-28,78.642233,220000000.0,58981674.75
2024-02-29,79.444048,220000000.0,0.0
2024-03-01,80.003052,218550000.0,-116004425.39999999
2024-03-04,78.912521,218900000.0,27619382.349999998
2024-03-05,78.342271,219800000.0,70508043.89999999
2024-03-06,78.415395,220150000.0,27445388.25
2024-03-07,79.720711,220100000.0,-3986035.55
2024-03-08,79.578138,219950000.0,-11936720.7
2024-03-11,79.418345,220550000.0,47651007.0
2024-03-12,80.167196,220750000.0,16033439.200000001
2024-03-13,80.25778,220850000.0,8025778.0
2024-03-14,80.087163,240250000.0,1553690962.2
2024-03-15,79.278428,240450000.0,15855685.600000001
2024-03-18,80.713264,219850000.0,-1662693238.3999999
2024-03-19,80.691233,219450000.0,-32276493.2
2024-03-20,81.631291,219450000.0,0.0
2024-03-21,81.646507,219350000.0,-8164650.7
2024-03-22,81.82204,220650000.0,106368652.0
2024-03-25,81.527641,220850000.0,16305528.200000001
2024-03-26,81.308879,221350000.0,40654439.5
2024-03-27,81.766441,220850000.0,-40883220.5
2024-03-28,81.665574,221450000.0,48999344.400000006
2024-04-01,82.272749,222750000.0,106954573.7
2024-04-02,82.164702,223300000.0,45190586.1
2024-04-03,82.810811,224450000.0,95232432.65
2024-04-04,81.691022,225000000.0,44930062.1
2024-04-05,82.564634,225050000.0,4128231.6999999997
2024-04-08,82.49818,223600000.0,-119622361.0
2024-04-09,82.635137,229050000.0,450361496.65
2024-04-10,82.012994,223650000.0,-442870167.6
2024-04-11,82.730418,222900000.0,-62047813.5
2024-04-12,81.383399,221650000.0,-101729248.75
2024-04-15,80.337569,220700000.0,-76320690.55
2024-04-16,80.050202,220450000.0,-20012550.5
2024-04-17,79.959858,219750000.0,-55971900.6
2024-04-18,80.368395,219100000.0,-52239456.75000001
2024-04-19,79.461716,218600000.0,-39730858.0
2024-04-22,79.590244,217800000.0,-63672195.199999996
2024-04-23,80.822579,218950000.0,92945965.85000001
2024-04-24,80.84353,219750000.0,64674824.0
2024-04-25,78.047551,219750000.0,0.0
2024-04-26,80.127132,216600000.0,-252400465.8
2024-04-29,79.191765,219000000.0,190060236.0
2024-04-30,77.894342,218850000.0,-11684151.299999999
2024-05-01,78.616985,219200000.0,27515944.75
2024-05-02,79.371697,218150000.0,-83340281.85
2024-05-03,80.236234,218100000.0,-4011811.6999999997
2024-05-06,81.285356,217900000.0,-16257071.2
2024-05-07,81.391277,217750000.0,-12208691.55
2024-05-08,81.273691,217750000.0,0.0
2024-05-09,81.647895,218000000.0,20411973.75
2024-05-10,81.802705,217800000.0,-16360541.0
2024-05-13,81.656379,218950000.0,93904835.85
2024-05-14,82.029832,218750000.0,-16405966.4
2024-05-15,82.512206,219000000.0,20628051.5
2024-05-16,82.458254,219650000.0,53597865.1
2024-05-17,82.566128,219900000.0,20641532.0
2024-05-20,82.851828,219950000.0,4142591.4
2024-05-21,82.738383,220100000.0,12410757.45
2024-05-22,82.825995,220350000.0,20706498.75
2024-05-23,81.901005,221100000.0,61425753.75
2024-05-24,82.949042,221000000.0,-8294904.2
2024-05-28,83.088067,221100000.0,8308806.699999999
2024-05-29,82.628971,221000000.0,-8262897.100000001
2024-05-30,82.387537,221300000.0,24716261.099999998
2024-05-31,83.227974,220650000.0,-54098183.1
2024-06-03,83.578576,220400000.0,-20894644.0
2024-06-04,83.905339,220650000.0,20976334.75
2024-06-05,84.95269,220650000.0,0.0
2024-06-06,84.978668,220750000.0,8497866.8
2024-06-07,84.378392,220950000.0,16875678.400000002
2024-06-10,84.60828,222300000.0,114221177.99999999
2024-06-11,84.752287,222200000.0,-8475228.7
2024-06-12,84.610231,220900000.0,-109993300.3
2024-06-13,83.861604,220350000.0,-46123882.2
2024-06-14,84.135809,220300000.0,-4206790.45
2024-06-17,84.504521,220450000.0,12675678.15
2024-06-18,84.007012,220500000.0,4200350.600000001
2024-06-20,84.374824,228450000.0,670779850.8000001
2024-06-21,84.936235,227650000.0,-67948988.0
2024-06-24,84.982012,218850000.0,-747841705.6
2024-06-25,85.942487,219650000.0,68753989.6
2024-06-26,85.958324,219900000.0,21489581.0
2024-06-27,86.44684,220200000.0,25934052.0
2024-06-28,85.642972,219950000.0,-21410743.0
2024-07-01,85.318522,221750000.0,153573339.6
2024-07-02,86.040777,222700000.0,81738738.15
2024-07-03,86.123307,223050000.0,30143157.45
2024-07-05,87.761447,223450000.0,35104578.800000004
2024-07-08,86.984927,223750000.0,26095478.1
2024-07-09,87.211935,223950000.0,17442387.0
2024-07-10,87.797735,223750000.0,-17559547.0
2024-07-11,86.595588,225350000.0,138552940.8
2024-07-12,86.310923,225950000.0,51786553.800000004
2024-07-15,86.585318,225850000.0,-8658531.8
2024-07-16,86.844788,226100000.0,21711197.0
2024-07-17,85.574453,225650000.0,-38508503.85
2024-07-18,85.477708,225150000.0,-42738854.0
2024-07-19,85.120616,224500000.0,-55328400.4
2024-07-22,85.464908,226100000.0,136743852.79999998
2024-07-23,85.344183,225200000.0,-76809764.7
2024-07-24,83.113091,224300000.0,-74801781.89999999
2024-07-25,82.151603,221400000.0,-238239648.7
2024-07-26,83.706593,218900000.0,-209266482.5
2024-07-29,84.42136,217100000.0,-151958448.0
2024-07-30,84.760476,216250000.0,-72046404.6
2024-07-31,85.847692,216100000.0,-12877153.799999999
2024-08-01,86.130842,215950000.0,-12919626.3
2024-08-02,84.754412,216500000.0,46614926.6
2024-08-05,82.269337,215900000.0,-49361602.199999996
2024-08-06,83.281156,212400000.0,-291484046.0
2024-08-07,82.830149,210450000.0,-161518790.55
2024-08-08,84.496723,209550000.0,-76047050.7
2024-08-09,85.222759,205800000.0,-319585346.25
2024-08-12,84.60008,205950000.0,12690012.0
2024-08-13,85.707739,206100000.0,12856160.85
2024-08-14,85.257166,206600000.0,42628583.0
2024-08-15,86.021178,207800000.0,103225413.60000001
2024-08-16,86.262518,208500000.0,60383762.6
2024-08-19,87.26234,208950000.0,39268053.0
2024-08-20,87.172647,209050000.0,8717264.7
2024-08-21,87.566586,208300000.0,-65674939.5
2024-08-22,86.863516,208950000.0,56461285.400000006
2024-08-23,87.524945,209000000.0,4376247.25
2024-08-26,87.673103,209000000.0,0.0
2024-08-27,87.50091,209050000.0,4375045.5
2024-08-28,86.918131,209500000.0,39113158.95
2024-08-29,86.713359,209200000.0,-26014007.7
2024-08-30,87.325825,208700000.0,-43662912.5
2024-09-03,85.711841,208050000.0,-55712696.650000006
2024-09-04,85.307929,207900000.0,-12796189.35
2024-09-05,85.55423,207750000.0,-12833134.5
2024-09-06,83.73661,206650000.0,-92110271.0
2024-09-09,84.108708,206550000.0,-8410870.799999999
2024-09-10,84.093179,206550000.0,0.0
2024-09-11,84.489949,206750000.0,16897989.8
2024-09-12,86.023494,206750000.0,0.0
2024-09-13,86.891093,206150000.0,-52134655.8
2024-09-16,87.763698,206000000.0,-13164554.700000001
2024-09-17,87.7845,206150000.0,13167675.0
2024-09-18,87.72246,206650000.0,43861230.0
2024-09-19,88.900662,206450000.0,-17780132.4
2024-09-20,88.898807,206000000.0,-40004463.150000006
2024-09-23,88.813143,205400000.0,-53287885.8
2024-09-24,89.253998,205750000.0,31238899.299999997
2024-09-25,88.991391,205800000.0,4449569.55
2024-09-26,89.462535,205700000.0,-8946253.5
2024-09-27,90.014421,206150000.0,40506489.45
2024-09-30,90.408523,206250000.0,9040852.3
2024-10-01,90.453662,206150000.0,-9045366.2
2024-10-02,90.211246,206450000.0,27063373.8
2024-10-03,89.902474,206800000.0,31465865.9
2024-10-04,90.909858,206000000.0,-72727886.4
2024-10-07,89.665085,205650000.0,-31382779.75
2024-10-08,90.461378,205950000.0,27138413.4
2024-10-09,90.475289,204800000.0,-104046582.35000001
2024-10-10,89.804003,209900000.0,458000415.29999995
2024-10-11,90.41068,203500000.0,-578628352.0
2024-10-14,90.869438,203900000.0,36347775.2
2024-10-15,91.042976,202800000.0,-100147273.6
2024-10-16,90.978219,201950000.0,-77331486.14999999
2024-10-17,90.569883,202500000.0,49813435.650000006
2024-10-18,91.247861,202250000.0,-22811965.25
2024-10-21,90.86645,202300000.0,4543322.5
2024-10-22,91.008072,202100000.0,-18201614.4
2024-10-23,90.27412,201800000.0,-27082236.0
2024-10-24,90.609122,201800000.0,0.0
2024-10-25,90.867466,202000000.0,18173493.2
2024-10-28,91.376011,202000000.0,0.0
2024-10-29,92.288993,202100000.0,9228899.3
2024-10-30,92.817436,202150000.0,4640871.8
2024-10-31,92.071734,202300000.0,13810760.100000001
2024-11-01,92.437583,201550000.0,-69328187.25
2024-11-04,92.082135,201750000.0,18416427.0
2024-11-05,93.090309,201400000.0,-32581608.150000002
2024-11-06,95.449936,201500000.0,9544993.6
2024-11-07,96.633111,200600000.0,-86969799.9
2024-11-08,96.147029,201300000.0,67302920.3
2024-11-11,96.700583,201500000.0,19340116.599999998
2024-11-12,97.135917,201900000.0,38854366.800000004
2024-11-13,97.167487,202750000.0,82592363.94999999
2024-11-14,97.058307,202600000.0,-14558746.05
2024-11-15,95.160743,202600000.0,0.0
2024-11-18,96.083662,202100000.0,-48041831.0
2024-11-19,96.711481,202550000.0,43520166.45
2024-11-20,97.326915,203400000.0,82727877.75
2024-11-21,97.062487,203550000.0,14559373.05
2024-11-22,96.887826,203950000.0,38755130.4
2024-11-25,97.352441,204050000.0,9735244.1
2024-11-26,97.776062,206100000.0,200440927.1
2024-11-27,97.853855,206500000.0,39141542.0
2024-11-29,98.368741,206700000.0,19673748.2
2024-12-02,99.18809,206900000.0,19837618.0
2024-12-03,100.015759,209150000.0,225035457.75
2024-12-04,100.219774,209300000.0,15032966.1
2024-12-05,99.974311,209300000.0,0.0
2024-12-06,100.937272,209550000.0,25234318.0
2024-12-09,98.781367,209600000.0,4939068.350000001
2024-12-10,100.312913,210250000.0,65203393.449999996
2024-12-11,101.984208,211000000.0,76488156.0
2024-12-12,102.165247,210800000.0,-20433049.4
2024-12-13,100.971314,210750000.0,-5048565.7
2024-12-16,101.328376,209700000.0,-106394794.80000001
2024-12-17,100.569712,209950000.0,25142428.0
2024-12-18,97.745963,210150000.0,19549192.6
2024-12-19,97.435537,210350000.0,19487107.4
2024-12-20,97.984396,208550000.0,-176371912.8
2024-12-23,98.225108,207950000.0,-58935064.800000004
2024-12-24,99.146253,208100000.0,14871937.950000001
2024-12-26,99.014156,208000000.0,-9901415.6
2024-12-27,98.136716,208000000.0,0.0
2024-12-30,97.120287,207850000.0,-14568043.05
2024-12-31,96.762263,207500000.0,-33866792.050000004
2025-01-02,97.259507,208050000.0,53492728.85
2025-01-03,97.885672,208800000.0,73414254.0
2025-01-06,98.921531,209100000.0,29676459.3
2025-01-07,97.815168,210100000.0,97815168.0
2025-01-08,97.266677,210600000.0,48633338.5
2025-01-10,95.808063,216850000.0,598800393.75
2025-01-13,95.831762,210700000.0,-589365336.3
2025-01-14,95.499039,209100000.0,-152798462.4
2025-01-15,97.12732,210150000.0,101983686.0
2025-01-16,96.525716,210950000.0,77220572.8
2025-01-17,97.399608,211050000.0,9739960.8
2025-01-21,98.273098,210800000.0,-24568274.5
2025-01-22,99.254607,210700000.0,-9925460.7
2025-01-23,99.508553,210800000.0,9950855.3
2025-01-24,100.43842,210950000.0,15065762.999999998
2025-01-27,100.927661,211050000.0,10092766.1
2025-01-28,101.411839,210600000.0,-45635327.55
2025-01-29,101.86312,211350000.0,76397340.0
2025-01-30,101.98858,212850000.0,152982870.0
2025-01-31,102.395247,212900000.0,5119762.35
2025-02-03,102.590931,211600000.0,-133368210.3
2025-02-04,103.512981,211400000.0,-20702596.2
2025-02-05,102.509106,212250000.0,87132740.10000001
2025-02-06,103.000531,213150000.0,92700477.89999999
2025-02-07,102.725786,212700000.0,-46226603.7
2025-02-10,103.239241,212850000.0,15485886.15
2025-02-11,103.340842,212850000.0,0.0
2025-02-12,103.470906,213150000.0,31041271.8
2025-02-13,104.686299,214550000.0,146560818.6
2025-02-14,105.317642,214150000.0,-42127056.800000004
2025-02-18,104.812604,214150000.0,0.0
2025-02-19,104.966025,213750000.0,-41986410.0
2025-02-20,104.414518,214550000.0,83531614.4
2025-02-21,103.015895,215400000.0,87563510.75
2025-02-24,103.198072,215600000.0,20639614.4
2025-02-25,101.664408,217450000.0,188079154.79999998
2025-02-26,101.517912,217900000.0,45683060.4
2025-02-27,100.531542,218550000.0,65345502.300000004
2025-02-28,102.020989,218450000.0,-10202098.9
2025-03-03,100.996161,217950000.0,-50498080.5
2025-03-04,100.184806,217250000.0,-70129364.2
2025-03-05,101.493245,216050000.0,-121791894.0
2025-03-06,99.653319,215800000.0,-24913329.75
2025-03-07,100.31385,215700000.0,-10031385.0
2025-03-10,97.776152,215200000.0,-48888076.0
2025-03-11,96.382412,214150000.0,-101201532.60000001
2025-03-12,96.852677,213800000.0,-33898436.95
2025-03-13,94.857422,212600000.0,-113828906.4
2025-03-14,96.60894,212700000.0,9660894.0
2025-03-17,97.236164,212600000.0,-9723616.4
2025-03-18,95.909303,212600000.0,0.0
2025-03-19,97.019618,212700000.0,9701961.799999999
2025-03-20,96.862161,212800000.0,9686216.1
2025-03-21,97.640326,212950000.0,14646048.9
2025-03-24,98.728622,212500000.0,-44427879.9
2025-03-25,99.924131,211600000.0,-89931717.9
2025-03-26,99.073052,210300000.0,-128794967.60000001
2025-03-27,98.6493,210400000.0,9864930.0
2025-03-28,95.745736,211200000.0,76596588.8
2025-03-31,96.450045,210350000.0,-81982538.25
2025-04-01,96.536386,210550000.0,19307277.2
2025-04-02,96.897826,210800000.0,24224456.5
2025-04-03,92.527122,210600000.0,-18505424.400000002
2025-04-04,87.259955,209100000.0,-130889932.50000001
2025-04-07,87.37528,207500000.0,-139800448.0
2025-04-08,86.114383,204850000.0,-228203114.95000002
2025-04-09,93.774306,206350000.0,140661459.0
2025-04-10,90.534276,209750000.0,307816538.40000004
2025-04-11,91.333352,209500000.0,-22833338.0
2025-04-14,91.853481,210200000.0,64297436.7
2025-04-15,92.122648,209750000.0,-41455191.6
2025-04-16,89.604383,210400000.0,58242848.949999996
2025-04-17,90.228225,210550000.0,13534233.75
2025-04-21,88.165138,209950000.0,-52899082.8
2025-04-22,90.487378,211300000.0,122157960.30000001
2025-04-23,91.968104,211450000.0,13795215.6
2025-04-24,93.801253,211950000.0,46900626.5
2025-04-25,94.399148,211700000.0,-23599787.0
2025-04-28,94.741429,212300000.0,56844857.4
2025-04-29,95.388608,212200000.0,-9538860.8
2025-04-30,95.535357,212400000.0,19107071.400000002
2025-05-01,95.962948,212450000.0,4798147.399999999
2025-05-02,97.432982,212350000.0,-9743298.2
2025-05-05,97.599147,212250000.0,-9759914.700000001
2025-05-06,97.642654,213750000.0,146463981.0
2025-05-07,97.408234,213100000.0,-63315352.099999994
2025-05-08,97.648362,213550000.0,43941762.900000006
2025-05-09,97.19427,214200000.0,63176275.5
2025-05-12,99.184727,212850000.0,-133899381.44999999
2025-05-13,100.186314,213450000.0,60111788.4
2025-05-14,100.74431,214300000.0,85632663.5
2025-05-15,101.093594,213000000.0,-131421672.19999999
2025-05-16,101.761565,212700000.0,-30528469.5
2025-05-19,101.899873,212350000.0,-35664955.55
2025-05-20,101.610386,212700000.0,35563635.1
2025-05-21,100.867317,213100000.0,40346926.8
2025-05-22,100.633996,213750000.0,65412097.4
2025-05-23,100.170385,214250000.0,50085192.5
2025-05-27,101.821607,214400000.0,15273241.05
2025-05-28,101.802029,215050000.0,66171318.85
2025-05-29,101.008264,215400000.0,35352892.4
2025-05-30,101.455131,216000000.0,60873078.599999994
2025-06-02,101.863365,217850000.0,188447225.25
2025-06-03,101.592308,218050000.0,20318461.6
2025-06-04,102.24928,217800000.0,-25562320.0
2025-06-05,102.415115,218200000.0,40966046.0
2025-06-06,103.718765,220150000.0,202251591.75
2025-06-09,103.396206,220500000.0,36188672.1
2025-06-10,104.71104,221350000.0,89004384.0
2025-06-11,104.448358,222900000.0,161894954.9
2025-06-12,103.636951,222950000.0,5181847.55
2025-06-13,102.565394,222450000.0,-51282697.0
2025-06-16,104.350806,223050000.0,62610483.6
2025-06-17,103.427768,223500000.0,46542495.6
2025-06-18,103.455408,223850000.0,36209392.800000004
2025-06-20,102.883095,223750000.0,-10288309.5
2025-06-23,103.892533,224100000.0,36362386.55
2025-06-24,105.230075,223850000.0,-26307518.75
2025-06-25,105.151947,222950000.0,-94636752.30000001
2025-06-26,106.415341,223450000.0,53207670.5
2025-06-27,107.701303,222850000.0,-64620781.8
2025-06-30,108.529284,221350000.0,-162793926.0
2025-07-01,107.736836,222500000.0,123897361.39999999
2025-07-02,107.484114,222650000.0,16122617.100000001
2025-07-03,108.05828,223200000.0,59432054.0
2025-07-07,106.996337,223150000.0,-5349816.85
2025-07-08,106.782722,224150000.0,106782722.0
2025-07-09,107.057336,225050000.0,96351602.4
2025-07-10,106.720404,223150000.0,-202768767.6
2025-07-11,106.021423,221750000.0,-148429992.2
2025-07-14,107.002344,222100000.0,37450820.4
2025-07-15,106.022279,221750000.0,-37107797.65
2025-07-16,106.31266,221600000.0,-15946899.0
2025-07-17,106.611709,221400000.0,-21322341.8
2025-07-18,106.198863,222750000.0,143368465.05
2025-07-21,107.603027,223950000.0,129123632.39999999
2025-07-22,107.866695,223300000.0,-70113351.75
2025-07-23,108.427503,223550000.0,27106875.75
2025-07-24,108.623833,223600000.0,5431191.65
2025-07-25,107.516506,223450000.0,-16127475.9
2025-07-28,107.109832,222950000.0,-53554916.0
2025-07-29,106.083834,221550000.0,-148517367.6
2025-07-30,106.420333,221850000.0,31926099.9
2025-07-31,107.432186,222100000.0,26858046.5
2025-08-01,106.13815,224100000.0,212276300.0
2025-08-04,108.154184,227000000.0,313647133.6
2025-08-05,107.331935,226350000.0,-69765757.75
2025-08-06,107.823765,233600000.0,781722296.25
2025-08-07,107.306081,244900000.0,1212558715.3
2025-08-08,107.659154,259500000.0,1571823648.4
2025-08-11,108.164755,250800000.0,-941033368.5
2025-08-12,110.256392,236800000.0,-1543589488.0
2025-08-13,111.085836,229550000.0,-805372311.0
2025-08-14,111.231765,229850000.0,33369529.5
2025-08-15,111.499249,228400000.0,-161673911.05
2025-08-18,110.84169,226750000.0,-182888788.5
2025-08-19,110.154888,226700000.0,-5507744.4
2025-08-20,109.818467,226650000.0,-5490923.35
2025-08-21,109.730336,224600000.0,-224947188.79999998
2025-08-22,111.305957,225100000.0,55652978.5
2025-08-25,111.498377,224800000.0,-33449513.1
2025-08-26,111.02371,225400000.0,66614226.0
2025-08-27,111.184189,225650000.0,27796047.25
2025-08-28,111.602799,224650000.0,-111602799.0
2025-08-29,111.350346,226100000.0,161458001.7
2025-09-02,111.149016,226150000.0,5557450.8
2025-09-03,113.092357,226450000.0,33927707.1
2025-09-04,114.098542,227500000.0,119803469.1
2025-09-05,114.71204,227900000.0,45884816.0
2025-09-08,114.838126,227950000.0,5741906.3
2025-09-09,115.477325,227200000.0,-86607993.75
2025-09-10,114.632629,227750000.0,63047945.949999996
2025-09-11,116.400165,227600000.0,-17460024.75
2025-09-12,117.374688,225950000.0,-193668235.20000002
2025-09-15,118.96391,226050000.0,11896391.0
2025-09-16,118.520332,226750000.0,82964232.39999999
2025-09-17,118.85127,227250000.0,59425635.0
2025-09-18,118.906652,239650000.0,1474442484.8
2025-09-19,119.432419,239200000.0,-53744588.55
2025-09-22,118.604295,226650000.0,-1488483902.25
2025-09-23,118.395273,228300000.0,195352200.45000002
2025-09-24,117.435054,228300000.0,0.0
2025-09-25,117.053619,228200000.0,-11705361.9
2025-09-26,118.154109,228700000.0,59077054.5
2025-09-29,118.524153,228950000.0,29631038.25
2025-09-30,118.377447,229300000.0,41432106.45
2025-10-01,116.732558,232050000.0,321014534.5
2025-10-02,116.480941,228800000.0,-378563058.25
2025-10-03,116.372195,228450000.0,-40730268.25
2025-10-06,116.517416,228400000.0,-5825870.8
2025-10-07,116.03768,228050000.0,-40613188.0
2025-10-08,115.56449,227950000.0,-11556449.0
2025-10-09,114.912526,228000000.0,5745626.3
2025-10-10,112.806566,228750000.0,84604924.5
2025-10-13,113.852216,228600000.0,-17077832.4
2025-10-14,114.575388,228600000.0,0.0
2025-10-15,115.373751,228600000.0,0.0
2025-10-16,114.187803,228650000.0,5709390.15
2025-10-17,114.92334,228950000.0,34477002.0
2025-10-20,116.228062,229100000.0,17434209.3
2025-10-21,116.661245,229700000.0,69996747.0
2025-10-22,115.643256,230700000.0,115643256.0
2025-10-23,115.262005,230750000.0,5763100.25
2025-10-24,115.533373,230750000.0,0.0
2025-10-27,117.097617,230400000.0,-40984165.95
2025-10-28,116.567476,230550000.0,17485121.4
2025-10-29,116.276547,231050000.0,58138273.5
2025-10-30,114.362209,231150000.0,11436220.899999999
2025-10-31,114.800754,229000000.0,-246821621.1
2025-11-03,113.604031,228700000.0,-34081209.300000004
2025-11-04,112.801312,228100000.0,-67680787.2
2025-11-05,113.455279,227850000.0,-28363819.75
2025-11-06,112.390474,228000000.0,16858571.1
2025-11-07,112.097559,227600000.0,-44839023.6
2025-11-10,113.270826,227650000.0,5663541.3
2025-11-11,114.159613,227500000.0,-17123941.95
2025-11-12,113.51903,227400000.0,-11351903.0
2025-11-13,111.923049,227400000.0,0.0
2025-11-14,111.32732,227350000.0,-5566366.0
2025-11-17,111.181011,226850000.0,-55590505.5
2025-11-18,111.793804,227050000.0,22358760.799999997
2025-11-19,111.205713,225000000.0,-227971711.65
2025-11-20,109.984468,225400000.0,43993787.2
2025-11-21,111.905714,226050000.0,72738714.10000001
2025-11-24,112.998629,225950000.0,-11299862.899999999
2025-11-25,114.294921,226200000.0,28573730.25
2025-11-26,114.488251,227150000.0,108763838.45
2025-11-28,115.316205,227100000.0,-5765810.25
2025-12-01,114.847054,227500000.0,45938821.6
2025-12-02,115.221557,227350000.0,-17283233.55
2025-12-03,115.086302,227850000.0,57543151.0
2025-12-04,115.80227,228200000.0,40530794.5
2025-12-05,117.144573,228200000.0,0.0
2025-12-08,116.268225,228200000.0,0.0
2025-12-09,116.389758,227950000.0,-29097439.5
2025-12-10,117.077662,227950000.0,0.0
2025-12-11,116.800502,228600000.0,75920326.3
2025-12-12,116.550605,229100000.0,58275302.5
2025-12-15,116.535009,229800000.0,81574506.3
2025-12-16,116.678116,229500000.0,-35003434.800000004
2025-12-17,115.77527,229350000.0,-17366290.5
2025-12-18,116.45621,245300000.0,1857476549.5
2025-12-19,116.503512,244850000.0,-52426580.4
2025-12-22,116.685493,228650000.0,-1890304986.6
2025-12-23,117.404573,229600000.0,111534344.35
2025-12-24,118.074871,229800000.0,23614974.2
2025-12-26,117.953504,229550000.0,-29488376.0
2025-12-29,117.860604,230150000.0,70716362.39999999
2025-12-30,118.262043,230150000.0,0.0
2025-12-31,117.697193,230700000.0,64733456.15
2026-01-02,116.897401,230650000.0,-5844870.05
2026-01-05,117.759807,229750000.0,-105983826.3
2026-01-06,117.341124,229700000.0,-5867056.199999999
2026-01-07,117.10696,229500000.0,-23421392.0
2026-01-08,117.462232,229600000.0,11746223.2
2026-01-09,117.911578,228700000.0,-106120420.2
2026-01-12,117.522282,229350000.0,76389483.3
2026-01-13,116.881293,229250000.0,-11688129.3
2026-01-14,116.632922,229500000.0,29158230.5
2026-01-15,116.209467,229200000.0,-34862840.1
2026-01-16,115.156552,230600000.0,161219172.8
2026-01-20,113.458544,230800000.0,22691708.8
2026-01-21,114.601275,230850000.0,5730063.75
2026-01-22,116.24495,230050000.0,-92995960.0
2026-01-23,116.96594,230300000.0,29241485.0
2026-01-26,117.737802,231150000.0,100077131.7
2026-01-27,116.897753,232100000.0,111052865.35
2026-01-28,116.69683,232100000.0,0.0
2026-01-29,119.825934,231550000.0,-65904263.7
2026-01-30,120.097976,232800000.0,150122470.0
2026-02-02,119.634719,232450000.0,-41872151.65
2026-02-03,117.727005,231850000.0,-70636203.0
2026-02-04,116.783622,231100000.0,-87587716.5
2026-02-05,116.257314,230750000.0,-40690059.9
2026-02-06,115.799894,229300000.0,-167909846.29999998
2026-02-09,116.922801,229250000.0,-5846140.050000001
2026-02-10,117.531239,228300000.0,-111654677.05
2026-02-11,116.76222,227900000.0,-46704888.0
2026-02-12,114.625503,229150000.0,143281878.75
2026-02-13,114.575262,229150000.0,0.0
2026-02-17,114.363809,229100000.0,-5718190.45
2026-02-18,114.631209,228950000.0,-17194681.35
2026-02-19,114.970504,229400000.0,51736726.800000004
2026-02-20,116.750924,229450000.0,5837546.2
2026-02-23,115.355696,229350000.0,-11535569.6
2026-02-24,116.149276,229750000.0,46459710.4
2026-02-25,116.47555,229650000.0,-11647555.0
2026-02-26,116.708985,229550000.0,-11670898.5
2026-02-27,118.076869,230050000.0,59038434.5
2026-03-02,117.908935,230150000.0,11790893.5
2026-03-03,118.000453,229100000.0,-123900475.64999999
2026-03-04,118.824073,227050000.0,-243589349.65
2026-03-05,118.492294,226600000.0,-53321532.3
2026-03-06,117.502856,225500000.0,-129253141.6
2026-03-09,117.573437,225050000.0,-52908046.65
2026-03-10,117.382902,223950000.0,-129121192.2
2026-03-11,117.032017,221800000.0,-251618836.54999998
2026-03-12,115.314312,221250000.0,-63422871.6
2026-03-13,114.471499,219700000.0,-177430823.45
2026-03-16,115.32575,217650000.0,-236417787.5
2026-03-17,115.383101,217350000.0,-34614930.3
2026-03-18,113.663986,217850000.0,56831993.0
2026-03-19,113.162651,217250000.0,-67897590.6
2026-03-20,112.246185,216750000.0,-56123092.5
2026-03-23,112.678331,215000000.0,-197187079.25
2026-03-24,111.116584,215600000.0,66669950.4
2026-03-25,111.440675,215500000.0,-11144067.5
2026-03-26,108.797381,215900000.0,43518952.4
2026-03-27,107.066672,217650000.0,187366676.0
2026-03-30,107.944052,217650000.0,0.0
2026-03-31,110.893073,217400000.0,-27723268.25
2026-04-01,111.19665,216350000.0,-116756482.5
2026-04-02,111.661479,216100000.0,-27915369.75
2026-04-06,111.769531,216450000.0,39119335.85
2026-04-07,111.848829,216650000.0,22369765.8
2026-04-08,113.81934,216350000.0,-34145802.0
2026-04-09,114.254994,216500000.0,17138249.099999998
2026-04-10,113.924728,216300000.0,-22784945.6
2026-04-13,114.804495,216050000.0,-28701123.75
2026-04-14,116.54916,217000000.0,110721702.0
2026-04-15,117.396499,217800000.0,93917199.2
2026-04-16,118.860684,218050000.0,29715171.0
2026-04-17,119.090431,218950000.0,107181387.89999999
2026-04-20,118.730069,219150000.0,23746013.8
2026-04-21,117.155846,219700000.0,64435715.3
2026-04-22,117.909548,220350000.0,76641206.2
2026-04-23,117.355285,220600000.0,29338821.25
2026-04-24,115.595708,219550000.0,-121375493.4
2026-04-27,115.785097,219550000.0,0.0
2026-04-28,115.706952,219550000.0,0.0
2026-04-29,115.255726,219700000.0,17288358.9
2026-04-30,116.478593,220150000.0,52415366.85
2026-05-01,116.733161,218900000.0,-145916451.25
2026-05-04,116.088868,219150000.0,29022217.0
2026-05-05,115.604231,218800000.0,-40461480.85
2026-05-06,117.400446,218700000.0,-11740044.6
2026-05-07,117.354956,218200000.0,-58677478.0
2026-05-08,116.963819,217350000.0,-99419246.15
2026-05-11,115.576964,216900000.0,-52009633.800000004
2026-05-12,115.874667,216800000.0,-11587466.700000001
2026-05-13,116.765379,216550000.0,-29191344.75
2026-05-14,117.098245,216950000.0,46839298.0
2026-05-15,116.057392,215900000.0,-121860261.6
2026-05-18,116.930568,216350000.0,52618755.599999994
2026-05-19,115.802157,217500000.0,133172480.55
2026-05-20,116.11534,218800000.0,150949942.0
2026-05-21,116.084595,218700000.0,-11608459.5
2026-05-22,115.459936,217650000.0,-121232932.8
2026-05-26,115.515436,217700000.0,5775771.8
2026-05-27,116.269835,218050000.0,40694442.25
2026-05-28,116.645929,216700000.0,-157472004.15
2026-05-29,115.713426,217050000.0,40499699.1
2026-06-01,115.648441,216050000.0,-115648441.0
2026-06-02,113.601004,215500000.0,-62480552.2
2026-06-03,112.059776,214400000.0,-123265753.6
2026-06-04,113.077145,215300000.0,101769430.5
2026-06-05,111.661203,215500000.0,22332240.6
2026-06-08,111.074493,214150000.0,-149950565.55
2026-06-09,111.545,213800000.0,-39040750.0
2026-06-10,111.022557,213000000.0,-88818045.60000001
2026-06-11,112.110575,213500000.0,56055287.5
2026-06-12,111.665753,213150000.0,-39083013.55
2026-06-15,112.177257,213250000.0,11217725.7
2026-06-16,112.328085,214100000.0,95478872.25
2026-06-17,109.21971,212950000.0,-125602666.5
2026-06-18,109.51579,211900000.0,-114991579.5
2026-06-22,106.901437,211100000.0,-85521149.6
2026-06-23,107.281169,210800000.0,-32184350.700000003
2026-06-24,106.504843,209050000.0,-186383475.25
2026-06-25,105.595949,205950000.0,-327347441.90000004
2026-06-26,106.212255,206400000.0,47795514.75
2026-06-29,107.909844,208200000.0,194237719.20000002
2026-06-30,107.21033,207650000.0,-58965681.5
2026-07-01,109.720754,212200000.0,499229430.7
2026-07-02,109.658338,211400000.0,-87726670.4
2026-07-06,110.240619,210800000.0,-66144371.4
2026-07-07,111.056688,208800000.0,-222113376.0
2026-07-08,109.516242,209350000.0,60233933.1
2026-07-09,110.556082,208850000.0,-55278041.0
2026-07-10,111.634416,206850000.0,-223268832.0
2026-07-13,111.560737,205250000.0,-178497179.20000002
2026-07-14,111.455219,206350000.0,122600740.9
2026-07-15,113.373427,206100000.0,-28343356.75
2026-07-16,112.659157,206250000.0,16898873.55
2026-07-17,110.701361,206550000.0,33210408.3
2026-07-20,110.75398,206550000.0,0.0
2026-07-21,110.051681,205350000.0,-132062017.2
2026-07-22,109.179498,204750000.0,-65507698.8
2026-07-23,105.403142,205700000.0,100132984.9
2026-07-24,106.280895,203800000.0,-201933700.5
2026-07-27,107.65812,203750000.0,-5382906.0
2026-07-28,109.647254,203250000.0,-54823627.0
2026-07-29,109.507316,202150000.0,-120458047.60000001
2026-07-30,106.605381,201350000.0,-85284304.8
2026-07-31,108.211463,200750000.0,-64926877.8
2026-08-03,111.287326,203950000.0,356119443.2
2026-08-04,112.027709,200950000.0,-336083127.0
2026-08-05,110.85778,202500000.0,171829559.0
2026-08-06,111.166302,202450000.0,-5558315.1
2026-08-07,111.275183,203000000.0,61201350.65
2026-08-10,111.799713,203000000.0,0.0
2026-08-11,111.247659,202250000.0,-83435744.25
2026-08-12,110.300872,202450000.0,22060174.4
2026-08-13,112.554503,202000000.0,-50649526.35
2026-08-14,112.940487,201750000.0,-28235121.75
2026-08-17,110.814047,202800000.0,116354749.35000001
2026-08-18,110.46784,203150000.0,38663744.0
2026-08-19,111.300908,202050000.0,-122430998.80000001
2026-08-20,110.662753,201550000.0,-55331376.5
2026-08-21,111.411285,201100000.0,-50135078.25
2026-08-24,112.341418,200650000.0,-50553638.1
2026-08-25,113.205063,200500000.0,-16980759.45
2026-08-26,112.614853,200200000.0,-33784455.9
2026-08-27,111.45213,200200000.0,0.0
2026-08-28,112.98569,200800000.0,67791414.0
2026-08-31,111.481994,201200000.0,44592797.6
2026-09-01,110.858006,201700000.0,55429003.0
2026-09-02,112.406106,201600000.0,-11240610.6
2026-09-03,113.395289,201700000.0,11339528.9
2026-09-04,112.072982,202250000.0,61640140.1
2026-09-08,111.528572,202200000.0,-5576428.6
2026-09-09,110.806504,202800000.0,66483902.400000006
2026-09-10,111.463308,202600000.0,-22292661.599999998
2026-09-11,112.616436,201000000.0,-180186297.6
2026-09-14,115.018384,201700000.0,80512868.8
2026-09-15,113.98346,200900000.0,-91186768.0
2026-09-16,112.979226,200550000.0,-39542729.1
2026-09-17,112.343901,201150000.0,67406340.6
2026-09-18,110.87499,202200000.0,116418739.5
2026-09-21,114.729692,202950000.0,86047269.0
2026-09-22,113.518927,204650000.0,192982175.9
2026-09-23,112.523856,204600000.0,-5626192.8
2026-09-24,113.990548,203500000.0,-125389602.8
2026-09-25,112.930665,203500000.0,0.0
2026-09-28,111.166461,204650000.0,127841430.14999999
2026-09-29,111.428861,203800000.0,-94714531.85
2026-09-30,110.950575,203050000.0,-83212931.25
2026-10-01,109.939616,208100000.0,555195060.8
2026-10-02,110.281481,207000000.0,-121309629.1
2026-10-05,111.602011,203900000.0,-345966234.1
2026-10-06,111.606066,205200000.0,145087885.8
2026-10-07,111.309878,210850000.0,628900810.6999999
